-- phpMyAdmin SQL Dump
-- version 4.7.7
-- https://www.phpmyadmin.net/
--
-- Máy chủ: 127.0.0.1
-- Thời gian đã tạo: Th3 11, 2018 lúc 04:28 PM
-- Phiên bản máy phục vụ: 10.1.30-MariaDB
-- Phiên bản PHP: 7.2.2

SET SQL_MODE = "NO_AUTO_VALUE_ON_ZERO";
SET AUTOCOMMIT = 0;
START TRANSACTION;
SET time_zone = "+00:00";


/*!40101 SET @OLD_CHARACTER_SET_CLIENT=@@CHARACTER_SET_CLIENT */;
/*!40101 SET @OLD_CHARACTER_SET_RESULTS=@@CHARACTER_SET_RESULTS */;
/*!40101 SET @OLD_COLLATION_CONNECTION=@@COLLATION_CONNECTION */;
/*!40101 SET NAMES utf8mb4 */;

--
-- Cơ sở dữ liệu: `diem_danh`
--

-- --------------------------------------------------------

--
-- Cấu trúc bảng cho bảng `bo_mon`
--

CREATE TABLE `bo_mon` (
  `ID_BO_MON` decimal(2,0) NOT NULL,
  `ID_KHOA` decimal(2,0) NOT NULL,
  `TEN_BO_MON` varchar(100) COLLATE utf8mb4_vietnamese_ci DEFAULT NULL
) ENGINE=InnoDB DEFAULT CHARSET=utf8mb4 COLLATE=utf8mb4_vietnamese_ci;

--
-- Đang đổ dữ liệu cho bảng `bo_mon`
--

INSERT INTO `bo_mon` (`ID_BO_MON`, `ID_KHOA`, `TEN_BO_MON`) VALUES
('1', '2', 'Bô môn Công nghệ thông tin'),
('2', '2', 'Mạng máy tính và truyền thông'),
('3', '2', 'Khoa học máy tính');

-- --------------------------------------------------------

--
-- Cấu trúc bảng cho bảng `chuong_trinh_dao_tao`
--

CREATE TABLE `chuong_trinh_dao_tao` (
  `MA_MH` varchar(5) COLLATE utf8mb4_vietnamese_ci NOT NULL,
  `ID_NGANH` decimal(3,0) NOT NULL
) ENGINE=InnoDB DEFAULT CHARSET=utf8mb4 COLLATE=utf8mb4_vietnamese_ci;

-- --------------------------------------------------------

--
-- Cấu trúc bảng cho bảng `danh_sach_diem_danh`
--

CREATE TABLE `danh_sach_diem_danh` (
  `ID_LH` decimal(10,0) NOT NULL,
  `TAIKHOAN_USER` varchar(8) COLLATE utf8mb4_vietnamese_ci NOT NULL,
  `CHECK_DIEMDANH` tinyint(1) DEFAULT NULL
) ENGINE=InnoDB DEFAULT CHARSET=utf8mb4 COLLATE=utf8mb4_vietnamese_ci;

--
-- Đang đổ dữ liệu cho bảng `danh_sach_diem_danh`
--

INSERT INTO `danh_sach_diem_danh` (`ID_LH`, `TAIKHOAN_USER`, `CHECK_DIEMDANH`) VALUES
('34', 'B1410557', 0),
('34', 'B1410558', 0),
('34', 'B1410560', 0),
('34', 'B1410561', 0),
('34', 'B1410562', 0),
('34', 'B1410563', 0),
('34', 'B1410564', 0),
('34', 'B1410566', 0),
('34', 'B1410570', 0),
('34', 'B1410571', 0),
('34', 'B1410572', 0),
('34', 'B1410573', 0),
('34', 'B1410575', 0),
('34', 'B1410576', 0),
('34', 'B1410577', 0),
('34', 'B1410578', 0),
('34', 'B1410579', 0),
('34', 'B1410580', 0),
('34', 'B1410581', 0),
('34', 'B1410582', 0),
('34', 'B1410584', 0),
('34', 'B1410585', 0),
('34', 'B1410587', 0),
('34', 'B1410588', 0),
('34', 'B1410589', 0),
('34', 'B1410590', 0),
('34', 'B1410591', 0),
('34', 'B1410592', 0),
('34', 'B1410593', 0),
('34', 'B1410594', 0),
('34', 'B1410595', 0),
('34', 'B1410596', 0),
('34', 'B1410598', 0),
('34', 'B1410601', 0),
('34', 'B1410602', 0),
('34', 'B1410604', 0),
('34', 'B1410607', 0),
('34', 'B1410608', 0),
('34', 'B1410610', 0),
('34', 'B1412417', 0),
('34', 'B1412437', 0),
('34', 'B1412448', 0),
('34', 'B1412449', 0),
('34', 'B1412451', 0),
('34', 'B1412458', 0),
('34', 'B1412459', 0),
('34', 'B1412461', 0),
('34', 'B1412464', 0),
('34', 'B1412472', 0),
('34', 'B1412480', 0),
('34', 'B1412482', 0),
('34', 'B1412516', 0),
('34', 'B1412520', 0),
('34', 'B1412524', 0),
('34', 'B1412559', 0),
('34', 'B1414250', 0),
('36', 'B1410557', 0),
('36', 'B1410558', 0),
('36', 'B1410560', 0),
('36', 'B1410561', 0),
('36', 'B1410562', 0),
('36', 'B1410563', 0),
('36', 'B1410564', 0),
('36', 'B1410566', 0),
('36', 'B1410570', 0),
('36', 'B1410571', 0),
('36', 'B1410572', 0),
('36', 'B1410573', 0),
('36', 'B1410575', 0),
('36', 'B1410576', 0),
('36', 'B1410577', 0),
('36', 'B1410578', 0),
('36', 'B1410579', 0),
('36', 'B1410580', 0),
('36', 'B1410581', 0),
('36', 'B1410582', 0),
('36', 'B1410584', 0),
('36', 'B1410585', 0),
('36', 'B1410587', 0),
('36', 'B1410588', 0),
('36', 'B1410589', 0),
('36', 'B1410590', 0),
('36', 'B1410591', 0),
('36', 'B1410592', 0),
('36', 'B1410593', 0),
('36', 'B1410594', 0),
('36', 'B1410595', 0),
('36', 'B1410596', 0),
('36', 'B1410598', 0),
('36', 'B1410601', 0),
('36', 'B1410602', 0),
('36', 'B1410604', 0),
('36', 'B1410607', 0),
('36', 'B1410608', 0),
('36', 'B1410610', 0),
('36', 'B1412417', 0),
('36', 'B1412437', 0),
('36', 'B1412448', 0),
('36', 'B1412449', 0),
('36', 'B1412451', 0),
('36', 'B1412458', 0),
('36', 'B1412459', 0),
('36', 'B1412461', 0),
('36', 'B1412464', 0),
('36', 'B1412472', 0),
('36', 'B1412480', 0),
('36', 'B1412482', 0),
('36', 'B1412516', 0),
('36', 'B1412520', 0),
('36', 'B1412524', 0),
('36', 'B1412559', 0),
('36', 'B1414250', 0),
('38', 'B1410557', 0),
('38', 'B1410558', 0),
('38', 'B1410560', 0),
('38', 'B1410561', 0),
('38', 'B1410562', 0),
('38', 'B1410563', 0),
('38', 'B1410564', 0),
('38', 'B1410566', 0),
('38', 'B1410570', 0),
('38', 'B1410571', 0),
('38', 'B1410572', 0),
('38', 'B1410573', 0),
('38', 'B1410575', 0),
('38', 'B1410576', 0),
('38', 'B1410577', 0),
('38', 'B1410578', 0),
('38', 'B1410579', 0),
('38', 'B1410580', 0),
('38', 'B1410581', 0),
('38', 'B1410582', 0),
('38', 'B1410584', 0),
('38', 'B1410585', 0),
('38', 'B1410587', 0),
('38', 'B1410588', 0),
('38', 'B1410589', 0),
('38', 'B1410590', 0),
('38', 'B1410591', 0),
('38', 'B1410592', 0),
('38', 'B1410593', 0),
('38', 'B1410594', 0),
('38', 'B1410595', 0),
('38', 'B1410596', 0),
('38', 'B1410598', 0),
('38', 'B1410601', 0),
('38', 'B1410602', 0),
('38', 'B1410604', 0),
('38', 'B1410607', 0),
('38', 'B1410608', 0),
('38', 'B1410610', 0),
('38', 'B1412417', 0),
('38', 'B1412437', 0),
('38', 'B1412448', 0),
('38', 'B1412449', 0),
('38', 'B1412451', 0),
('38', 'B1412458', 0),
('38', 'B1412459', 0),
('38', 'B1412461', 0),
('38', 'B1412464', 0),
('38', 'B1412472', 0),
('38', 'B1412480', 0),
('38', 'B1412482', 0),
('38', 'B1412516', 0),
('38', 'B1412520', 0),
('38', 'B1412524', 0),
('38', 'B1412559', 0),
('38', 'B1414250', 0),
('40', 'B1410557', 0),
('40', 'B1410558', 0),
('40', 'B1410560', 0),
('40', 'B1410561', 0),
('40', 'B1410562', 0),
('40', 'B1410563', 0),
('40', 'B1410564', 0),
('40', 'B1410566', 0),
('40', 'B1410570', 0),
('40', 'B1410571', 0),
('40', 'B1410572', 0),
('40', 'B1410573', 0),
('40', 'B1410575', 0),
('40', 'B1410576', 0),
('40', 'B1410577', 0),
('40', 'B1410578', 0),
('40', 'B1410579', 0),
('40', 'B1410580', 0),
('40', 'B1410581', 0),
('40', 'B1410582', 0),
('40', 'B1410584', 0),
('40', 'B1410585', 0),
('40', 'B1410587', 0),
('40', 'B1410588', 0),
('40', 'B1410589', 0),
('40', 'B1410590', 0),
('40', 'B1410591', 0),
('40', 'B1410592', 0),
('40', 'B1410593', 0),
('40', 'B1410594', 0),
('40', 'B1410595', 0),
('40', 'B1410596', 0),
('40', 'B1410598', 0),
('40', 'B1410601', 0),
('40', 'B1410602', 0),
('40', 'B1410604', 0),
('40', 'B1410607', 0),
('40', 'B1410608', 0),
('40', 'B1410610', 0),
('40', 'B1412417', 0),
('40', 'B1412437', 0),
('40', 'B1412448', 0),
('40', 'B1412449', 0),
('40', 'B1412451', 0),
('40', 'B1412458', 0),
('40', 'B1412459', 0),
('40', 'B1412461', 0),
('40', 'B1412464', 0),
('40', 'B1412472', 0),
('40', 'B1412480', 0),
('40', 'B1412482', 0),
('40', 'B1412516', 0),
('40', 'B1412520', 0),
('40', 'B1412524', 0),
('40', 'B1412559', 0),
('40', 'B1414250', 0),
('42', 'B1410557', 0),
('42', 'B1410558', 0),
('42', 'B1410560', 0),
('42', 'B1410561', 0),
('42', 'B1410562', 0),
('42', 'B1410563', 0),
('42', 'B1410564', 0),
('42', 'B1410566', 0),
('42', 'B1410570', 0),
('42', 'B1410571', 0),
('42', 'B1410572', 0),
('42', 'B1410573', 0),
('42', 'B1410575', 0),
('42', 'B1410576', 0),
('42', 'B1410577', 0),
('42', 'B1410578', 0),
('42', 'B1410579', 0),
('42', 'B1410580', 0),
('42', 'B1410581', 0),
('42', 'B1410582', 0),
('42', 'B1410584', 0),
('42', 'B1410585', 0),
('42', 'B1410587', 0),
('42', 'B1410588', 0),
('42', 'B1410589', 0),
('42', 'B1410590', 0),
('42', 'B1410591', 0),
('42', 'B1410592', 0),
('42', 'B1410593', 0),
('42', 'B1410594', 0),
('42', 'B1410595', 0),
('42', 'B1410596', 0),
('42', 'B1410598', 0),
('42', 'B1410601', 0),
('42', 'B1410602', 0),
('42', 'B1410604', 0),
('42', 'B1410607', 0),
('42', 'B1410608', 0),
('42', 'B1410610', 0),
('42', 'B1412417', 0),
('42', 'B1412437', 0),
('42', 'B1412448', 0),
('42', 'B1412449', 0),
('42', 'B1412451', 0),
('42', 'B1412458', 0),
('42', 'B1412459', 0),
('42', 'B1412461', 0),
('42', 'B1412464', 0),
('42', 'B1412472', 0),
('42', 'B1412480', 0),
('42', 'B1412482', 0),
('42', 'B1412516', 0),
('42', 'B1412520', 0),
('42', 'B1412524', 0),
('42', 'B1412559', 0),
('42', 'B1414250', 0),
('44', 'B1410557', 0),
('44', 'B1410558', 0),
('44', 'B1410560', 0),
('44', 'B1410561', 0),
('44', 'B1410562', 0),
('44', 'B1410563', 0),
('44', 'B1410564', 0),
('44', 'B1410566', 0),
('44', 'B1410570', 0),
('44', 'B1410571', 0),
('44', 'B1410572', 0),
('44', 'B1410573', 0),
('44', 'B1410575', 0),
('44', 'B1410576', 0),
('44', 'B1410577', 0),
('44', 'B1410578', 0),
('44', 'B1410579', 0),
('44', 'B1410580', 0),
('44', 'B1410581', 0),
('44', 'B1410582', 0),
('44', 'B1410584', 0),
('44', 'B1410585', 0),
('44', 'B1410587', 0),
('44', 'B1410588', 0),
('44', 'B1410589', 0),
('44', 'B1410590', 0),
('44', 'B1410591', 0),
('44', 'B1410592', 0),
('44', 'B1410593', 0),
('44', 'B1410594', 0),
('44', 'B1410595', 0),
('44', 'B1410596', 0),
('44', 'B1410598', 0),
('44', 'B1410601', 0),
('44', 'B1410602', 0),
('44', 'B1410604', 0),
('44', 'B1410607', 0),
('44', 'B1410608', 0),
('44', 'B1410610', 0),
('44', 'B1412417', 0),
('44', 'B1412437', 0),
('44', 'B1412448', 0),
('44', 'B1412449', 0),
('44', 'B1412451', 0),
('44', 'B1412458', 0),
('44', 'B1412459', 0),
('44', 'B1412461', 0),
('44', 'B1412464', 0),
('44', 'B1412472', 0),
('44', 'B1412480', 0),
('44', 'B1412482', 0),
('44', 'B1412516', 0),
('44', 'B1412520', 0),
('44', 'B1412524', 0),
('44', 'B1412559', 0),
('44', 'B1414250', 0),
('46', 'B1410557', 0),
('46', 'B1410558', 0),
('46', 'B1410560', 0),
('46', 'B1410561', 0),
('46', 'B1410562', 0),
('46', 'B1410563', 0),
('46', 'B1410564', 0),
('46', 'B1410566', 0),
('46', 'B1410570', 0),
('46', 'B1410571', 0),
('46', 'B1410572', 0),
('46', 'B1410573', 0),
('46', 'B1410575', 0),
('46', 'B1410576', 0),
('46', 'B1410577', 0),
('46', 'B1410578', 0),
('46', 'B1410579', 0),
('46', 'B1410580', 0),
('46', 'B1410581', 0),
('46', 'B1410582', 0),
('46', 'B1410584', 0),
('46', 'B1410585', 0),
('46', 'B1410587', 0),
('46', 'B1410588', 0),
('46', 'B1410589', 0),
('46', 'B1410590', 0),
('46', 'B1410591', 0),
('46', 'B1410592', 0),
('46', 'B1410593', 0),
('46', 'B1410594', 0),
('46', 'B1410595', 0),
('46', 'B1410596', 0),
('46', 'B1410598', 0),
('46', 'B1410601', 0),
('46', 'B1410602', 0),
('46', 'B1410604', 0),
('46', 'B1410607', 0),
('46', 'B1410608', 0),
('46', 'B1410610', 0),
('46', 'B1412417', 0),
('46', 'B1412437', 0),
('46', 'B1412448', 0),
('46', 'B1412449', 0),
('46', 'B1412451', 0),
('46', 'B1412458', 0),
('46', 'B1412459', 0),
('46', 'B1412461', 0),
('46', 'B1412464', 0),
('46', 'B1412472', 0),
('46', 'B1412480', 0),
('46', 'B1412482', 0),
('46', 'B1412516', 0),
('46', 'B1412520', 0),
('46', 'B1412524', 0),
('46', 'B1412559', 0),
('46', 'B1414250', 0),
('48', 'B1410557', 0),
('48', 'B1410558', 0),
('48', 'B1410560', 0),
('48', 'B1410561', 0),
('48', 'B1410562', 0),
('48', 'B1410563', 0),
('48', 'B1410564', 0),
('48', 'B1410566', 0),
('48', 'B1410570', 0),
('48', 'B1410571', 0),
('48', 'B1410572', 0),
('48', 'B1410573', 0),
('48', 'B1410575', 0),
('48', 'B1410576', 0),
('48', 'B1410577', 0),
('48', 'B1410578', 0),
('48', 'B1410579', 0),
('48', 'B1410580', 0),
('48', 'B1410581', 0),
('48', 'B1410582', 0),
('48', 'B1410584', 0),
('48', 'B1410585', 0),
('48', 'B1410587', 0),
('48', 'B1410588', 0),
('48', 'B1410589', 0),
('48', 'B1410590', 0),
('48', 'B1410591', 0),
('48', 'B1410592', 0),
('48', 'B1410593', 0),
('48', 'B1410594', 0),
('48', 'B1410595', 0),
('48', 'B1410596', 0),
('48', 'B1410598', 0),
('48', 'B1410601', 0),
('48', 'B1410602', 0),
('48', 'B1410604', 0),
('48', 'B1410607', 0),
('48', 'B1410608', 0),
('48', 'B1410610', 0),
('48', 'B1412417', 0),
('48', 'B1412437', 0),
('48', 'B1412448', 0),
('48', 'B1412449', 0),
('48', 'B1412451', 0),
('48', 'B1412458', 0),
('48', 'B1412459', 0),
('48', 'B1412461', 0),
('48', 'B1412464', 0),
('48', 'B1412472', 0),
('48', 'B1412480', 0),
('48', 'B1412482', 0),
('48', 'B1412516', 0),
('48', 'B1412520', 0),
('48', 'B1412524', 0),
('48', 'B1412559', 0),
('48', 'B1414250', 0),
('50', 'B1410557', 0),
('50', 'B1410558', 0),
('50', 'B1410560', 0),
('50', 'B1410561', 0),
('50', 'B1410562', 0),
('50', 'B1410563', 0),
('50', 'B1410564', 0),
('50', 'B1410566', 0),
('50', 'B1410570', 0),
('50', 'B1410571', 0),
('50', 'B1410572', 0),
('50', 'B1410573', 0),
('50', 'B1410575', 0),
('50', 'B1410576', 0),
('50', 'B1410577', 0),
('50', 'B1410578', 0),
('50', 'B1410579', 0),
('50', 'B1410580', 0),
('50', 'B1410581', 0),
('50', 'B1410582', 0),
('50', 'B1410584', 0),
('50', 'B1410585', 0),
('50', 'B1410587', 0),
('50', 'B1410588', 0),
('50', 'B1410589', 0),
('50', 'B1410590', 0),
('50', 'B1410591', 0),
('50', 'B1410592', 0),
('50', 'B1410593', 0),
('50', 'B1410594', 0),
('50', 'B1410595', 0),
('50', 'B1410596', 0),
('50', 'B1410598', 0),
('50', 'B1410601', 0),
('50', 'B1410602', 0),
('50', 'B1410604', 0),
('50', 'B1410607', 0),
('50', 'B1410608', 0),
('50', 'B1410610', 0),
('50', 'B1412417', 0),
('50', 'B1412437', 0),
('50', 'B1412448', 0),
('50', 'B1412449', 0),
('50', 'B1412451', 0),
('50', 'B1412458', 0),
('50', 'B1412459', 0),
('50', 'B1412461', 0),
('50', 'B1412464', 0),
('50', 'B1412472', 0),
('50', 'B1412480', 0),
('50', 'B1412482', 0),
('50', 'B1412516', 0),
('50', 'B1412520', 0),
('50', 'B1412524', 0),
('50', 'B1412559', 0),
('50', 'B1414250', 0),
('52', 'B1410557', 0),
('52', 'B1410558', 0),
('52', 'B1410560', 0),
('52', 'B1410561', 0),
('52', 'B1410562', 0),
('52', 'B1410563', 0),
('52', 'B1410564', 0),
('52', 'B1410566', 0),
('52', 'B1410570', 0),
('52', 'B1410571', 0),
('52', 'B1410572', 0),
('52', 'B1410573', 0),
('52', 'B1410575', 0),
('52', 'B1410576', 0),
('52', 'B1410577', 0),
('52', 'B1410578', 0),
('52', 'B1410579', 0),
('52', 'B1410580', 0),
('52', 'B1410581', 0),
('52', 'B1410582', 0),
('52', 'B1410584', 0),
('52', 'B1410585', 0),
('52', 'B1410587', 0),
('52', 'B1410588', 0),
('52', 'B1410589', 0),
('52', 'B1410590', 0),
('52', 'B1410591', 0),
('52', 'B1410592', 0),
('52', 'B1410593', 0),
('52', 'B1410594', 0),
('52', 'B1410595', 0),
('52', 'B1410596', 0),
('52', 'B1410598', 0),
('52', 'B1410601', 0),
('52', 'B1410602', 0),
('52', 'B1410604', 0),
('52', 'B1410607', 0),
('52', 'B1410608', 0),
('52', 'B1410610', 0),
('52', 'B1412417', 0),
('52', 'B1412437', 0),
('52', 'B1412448', 0),
('52', 'B1412449', 0),
('52', 'B1412451', 0),
('52', 'B1412458', 0),
('52', 'B1412459', 0),
('52', 'B1412461', 0),
('52', 'B1412464', 0),
('52', 'B1412472', 0),
('52', 'B1412480', 0),
('52', 'B1412482', 0),
('52', 'B1412516', 0),
('52', 'B1412520', 0),
('52', 'B1412524', 0),
('52', 'B1412559', 0),
('52', 'B1414250', 0),
('54', 'B1410557', 0),
('54', 'B1410558', 0),
('54', 'B1410560', 0),
('54', 'B1410561', 0),
('54', 'B1410562', 0),
('54', 'B1410563', 0),
('54', 'B1410564', 0),
('54', 'B1410566', 0),
('54', 'B1410570', 0),
('54', 'B1410571', 0),
('54', 'B1410572', 0),
('54', 'B1410573', 0),
('54', 'B1410575', 0),
('54', 'B1410576', 0),
('54', 'B1410577', 0),
('54', 'B1410578', 0),
('54', 'B1410579', 0),
('54', 'B1410580', 0),
('54', 'B1410581', 0),
('54', 'B1410582', 0),
('54', 'B1410584', 0),
('54', 'B1410585', 0),
('54', 'B1410587', 0),
('54', 'B1410588', 0),
('54', 'B1410589', 0),
('54', 'B1410590', 0),
('54', 'B1410591', 0),
('54', 'B1410592', 0),
('54', 'B1410593', 0),
('54', 'B1410594', 0),
('54', 'B1410595', 0),
('54', 'B1410596', 0),
('54', 'B1410598', 0),
('54', 'B1410601', 0),
('54', 'B1410602', 0),
('54', 'B1410604', 0),
('54', 'B1410607', 0),
('54', 'B1410608', 0),
('54', 'B1410610', 0),
('54', 'B1412417', 0),
('54', 'B1412437', 0),
('54', 'B1412448', 0),
('54', 'B1412449', 0),
('54', 'B1412451', 0),
('54', 'B1412458', 0),
('54', 'B1412459', 0),
('54', 'B1412461', 0),
('54', 'B1412464', 0),
('54', 'B1412472', 0),
('54', 'B1412480', 0),
('54', 'B1412482', 0),
('54', 'B1412516', 0),
('54', 'B1412520', 0),
('54', 'B1412524', 0),
('54', 'B1412559', 0),
('54', 'B1414250', 0),
('56', 'B1410557', 0),
('56', 'B1410558', 0),
('56', 'B1410560', 0),
('56', 'B1410561', 0),
('56', 'B1410562', 0),
('56', 'B1410563', 0),
('56', 'B1410564', 0),
('56', 'B1410566', 0),
('56', 'B1410570', 0),
('56', 'B1410571', 0),
('56', 'B1410572', 0),
('56', 'B1410573', 0),
('56', 'B1410575', 0),
('56', 'B1410576', 0),
('56', 'B1410577', 0),
('56', 'B1410578', 0),
('56', 'B1410579', 0),
('56', 'B1410580', 0),
('56', 'B1410581', 0),
('56', 'B1410582', 0),
('56', 'B1410584', 0),
('56', 'B1410585', 0),
('56', 'B1410587', 0),
('56', 'B1410588', 0),
('56', 'B1410589', 0),
('56', 'B1410590', 0),
('56', 'B1410591', 0),
('56', 'B1410592', 0),
('56', 'B1410593', 0),
('56', 'B1410594', 0),
('56', 'B1410595', 0),
('56', 'B1410596', 0),
('56', 'B1410598', 0),
('56', 'B1410601', 0),
('56', 'B1410602', 0),
('56', 'B1410604', 0),
('56', 'B1410607', 0),
('56', 'B1410608', 0),
('56', 'B1410610', 0),
('56', 'B1412417', 0),
('56', 'B1412437', 0),
('56', 'B1412448', 0),
('56', 'B1412449', 0),
('56', 'B1412451', 0),
('56', 'B1412458', 0),
('56', 'B1412459', 0),
('56', 'B1412461', 0),
('56', 'B1412464', 0),
('56', 'B1412472', 0),
('56', 'B1412480', 0),
('56', 'B1412482', 0),
('56', 'B1412516', 0),
('56', 'B1412520', 0),
('56', 'B1412524', 0),
('56', 'B1412559', 0),
('56', 'B1414250', 0),
('58', 'B1410557', 0),
('58', 'B1410558', 0),
('58', 'B1410560', 0),
('58', 'B1410561', 0),
('58', 'B1410562', 0),
('58', 'B1410563', 0),
('58', 'B1410564', 0),
('58', 'B1410566', 0),
('58', 'B1410570', 0),
('58', 'B1410571', 0),
('58', 'B1410572', 0),
('58', 'B1410573', 0),
('58', 'B1410575', 0),
('58', 'B1410576', 0),
('58', 'B1410577', 0),
('58', 'B1410578', 0),
('58', 'B1410579', 0),
('58', 'B1410580', 0),
('58', 'B1410581', 0),
('58', 'B1410582', 0),
('58', 'B1410584', 0),
('58', 'B1410585', 0),
('58', 'B1410587', 0),
('58', 'B1410588', 0),
('58', 'B1410589', 0),
('58', 'B1410590', 0),
('58', 'B1410591', 0),
('58', 'B1410592', 0),
('58', 'B1410593', 0),
('58', 'B1410594', 0),
('58', 'B1410595', 0),
('58', 'B1410596', 0),
('58', 'B1410598', 0),
('58', 'B1410601', 0),
('58', 'B1410602', 0),
('58', 'B1410604', 0),
('58', 'B1410607', 0),
('58', 'B1410608', 0),
('58', 'B1410610', 0),
('58', 'B1412417', 0),
('58', 'B1412437', 0),
('58', 'B1412448', 0),
('58', 'B1412449', 0),
('58', 'B1412451', 0),
('58', 'B1412458', 0),
('58', 'B1412459', 0),
('58', 'B1412461', 0),
('58', 'B1412464', 0),
('58', 'B1412472', 0),
('58', 'B1412480', 0),
('58', 'B1412482', 0),
('58', 'B1412516', 0),
('58', 'B1412520', 0),
('58', 'B1412524', 0),
('58', 'B1412559', 0),
('58', 'B1414250', 0),
('60', 'B1410557', 0),
('60', 'B1410558', 0),
('60', 'B1410560', 0),
('60', 'B1410561', 0),
('60', 'B1410562', 0),
('60', 'B1410563', 0),
('60', 'B1410564', 0),
('60', 'B1410566', 0),
('60', 'B1410570', 0),
('60', 'B1410571', 0),
('60', 'B1410572', 0),
('60', 'B1410573', 0),
('60', 'B1410575', 0),
('60', 'B1410576', 0),
('60', 'B1410577', 0),
('60', 'B1410578', 0),
('60', 'B1410579', 0),
('60', 'B1410580', 0),
('60', 'B1410581', 0),
('60', 'B1410582', 0),
('60', 'B1410584', 0),
('60', 'B1410585', 0),
('60', 'B1410587', 0),
('60', 'B1410588', 0),
('60', 'B1410589', 0),
('60', 'B1410590', 0),
('60', 'B1410591', 0),
('60', 'B1410592', 0),
('60', 'B1410593', 0),
('60', 'B1410594', 0),
('60', 'B1410595', 0),
('60', 'B1410596', 0),
('60', 'B1410598', 0),
('60', 'B1410601', 0),
('60', 'B1410602', 0),
('60', 'B1410604', 0),
('60', 'B1410607', 0),
('60', 'B1410608', 0),
('60', 'B1410610', 0),
('60', 'B1412417', 0),
('60', 'B1412437', 0),
('60', 'B1412448', 0),
('60', 'B1412449', 0),
('60', 'B1412451', 0),
('60', 'B1412458', 0),
('60', 'B1412459', 0),
('60', 'B1412461', 0),
('60', 'B1412464', 0),
('60', 'B1412472', 0),
('60', 'B1412480', 0),
('60', 'B1412482', 0),
('60', 'B1412516', 0),
('60', 'B1412520', 0),
('60', 'B1412524', 0),
('60', 'B1412559', 0),
('60', 'B1414250', 0),
('62', 'B1410557', 0),
('62', 'B1410558', 0),
('62', 'B1410560', 0),
('62', 'B1410561', 0),
('62', 'B1410562', 0),
('62', 'B1410563', 0),
('62', 'B1410564', 0),
('62', 'B1410566', 0),
('62', 'B1410570', 0),
('62', 'B1410571', 0),
('62', 'B1410572', 0),
('62', 'B1410573', 0),
('62', 'B1410575', 0),
('62', 'B1410576', 0),
('62', 'B1410577', 0),
('62', 'B1410578', 0),
('62', 'B1410579', 0),
('62', 'B1410580', 0),
('62', 'B1410581', 0),
('62', 'B1410582', 0),
('62', 'B1410584', 0),
('62', 'B1410585', 0),
('62', 'B1410587', 0),
('62', 'B1410588', 0),
('62', 'B1410589', 0),
('62', 'B1410590', 0),
('62', 'B1410591', 0),
('62', 'B1410592', 0),
('62', 'B1410593', 0),
('62', 'B1410594', 0),
('62', 'B1410595', 0),
('62', 'B1410596', 0),
('62', 'B1410598', 0),
('62', 'B1410601', 0),
('62', 'B1410602', 0),
('62', 'B1410604', 0),
('62', 'B1410607', 0),
('62', 'B1410608', 0),
('62', 'B1410610', 0),
('62', 'B1412417', 0),
('62', 'B1412437', 0),
('62', 'B1412448', 0),
('62', 'B1412449', 0),
('62', 'B1412451', 0),
('62', 'B1412458', 0),
('62', 'B1412459', 0),
('62', 'B1412461', 0),
('62', 'B1412464', 0),
('62', 'B1412472', 0),
('62', 'B1412480', 0),
('62', 'B1412482', 0),
('62', 'B1412516', 0),
('62', 'B1412520', 0),
('62', 'B1412524', 0),
('62', 'B1412559', 0),
('62', 'B1414250', 0),
('64', 'B1410557', 0),
('64', 'B1410558', 0),
('64', 'B1410560', 0),
('64', 'B1410561', 0),
('64', 'B1410562', 0),
('64', 'B1410563', 0),
('64', 'B1410564', 0),
('64', 'B1410566', 0),
('64', 'B1410570', 0),
('64', 'B1410571', 0),
('64', 'B1410572', 0),
('64', 'B1410573', 0),
('64', 'B1410575', 0),
('64', 'B1410576', 0),
('64', 'B1410577', 0),
('64', 'B1410578', 0),
('64', 'B1410579', 0),
('64', 'B1410580', 0),
('64', 'B1410581', 0),
('64', 'B1410582', 0),
('64', 'B1410584', 0),
('64', 'B1410585', 0),
('64', 'B1410587', 0),
('64', 'B1410588', 0),
('64', 'B1410589', 0),
('64', 'B1410590', 0),
('64', 'B1410591', 0),
('64', 'B1410592', 0),
('64', 'B1410593', 0),
('64', 'B1410594', 0),
('64', 'B1410595', 0),
('64', 'B1410596', 0),
('64', 'B1410598', 0),
('64', 'B1410601', 0),
('64', 'B1410602', 0),
('64', 'B1410604', 0),
('64', 'B1410607', 0),
('64', 'B1410608', 0),
('64', 'B1410610', 0),
('64', 'B1412417', 0),
('64', 'B1412437', 0),
('64', 'B1412448', 0),
('64', 'B1412449', 0),
('64', 'B1412451', 0),
('64', 'B1412458', 0),
('64', 'B1412459', 0),
('64', 'B1412461', 0),
('64', 'B1412464', 0),
('64', 'B1412472', 0),
('64', 'B1412480', 0),
('64', 'B1412482', 0),
('64', 'B1412516', 0),
('64', 'B1412520', 0),
('64', 'B1412524', 0),
('64', 'B1412559', 0),
('64', 'B1414250', 0),
('262', 'B1410557', 0),
('262', 'B1410573', 0),
('262', 'B1412489', 0),
('262', 'B1412519', 0),
('262', 'B1412524', 0),
('269', 'B1410557', 0),
('269', 'B1410573', 0),
('269', 'B1412489', 0),
('269', 'B1412519', 0),
('269', 'B1412524', 0),
('276', 'B1410557', 0),
('276', 'B1410573', 0),
('276', 'B1412489', 0),
('276', 'B1412519', 0),
('276', 'B1412524', 0),
('283', 'B1410557', 0),
('283', 'B1410573', 0),
('283', 'B1412489', 0),
('283', 'B1412519', 0),
('283', 'B1412524', 0),
('290', 'B1410557', 0),
('290', 'B1410573', 0),
('290', 'B1412489', 0),
('290', 'B1412519', 0),
('290', 'B1412524', 0),
('297', 'B1410557', 0),
('297', 'B1410573', 0),
('297', 'B1412489', 0),
('297', 'B1412519', 0),
('297', 'B1412524', 0),
('304', 'B1410557', 0),
('304', 'B1410573', 0),
('304', 'B1412489', 0),
('304', 'B1412519', 0),
('304', 'B1412524', 0),
('311', 'B1410557', 0),
('311', 'B1410573', 0),
('311', 'B1412489', 0),
('311', 'B1412519', 0),
('311', 'B1412524', 0),
('318', 'B1410557', 0),
('318', 'B1410573', 0),
('318', 'B1412489', 0),
('318', 'B1412519', 0),
('318', 'B1412524', 0),
('325', 'B1410557', 0),
('325', 'B1410573', 0),
('325', 'B1412489', 0),
('325', 'B1412519', 0),
('325', 'B1412524', 0),
('332', 'B1410557', 0),
('332', 'B1410573', 0),
('332', 'B1412489', 0),
('332', 'B1412519', 0),
('332', 'B1412524', 0),
('339', 'B1410557', 0),
('339', 'B1410573', 0),
('339', 'B1412489', 0),
('339', 'B1412519', 0),
('339', 'B1412524', 0),
('346', 'B1410557', 0),
('346', 'B1410573', 0),
('346', 'B1412489', 0),
('346', 'B1412519', 0),
('346', 'B1412524', 0),
('353', 'B1410557', 0),
('353', 'B1410573', 0),
('353', 'B1412489', 0),
('353', 'B1412519', 0),
('353', 'B1412524', 0),
('360', 'B1410557', 0),
('360', 'B1410573', 0),
('360', 'B1412489', 0),
('360', 'B1412519', 0),
('360', 'B1412524', 0),
('367', 'B1410557', 0),
('367', 'B1410573', 0),
('367', 'B1412489', 0),
('367', 'B1412519', 0),
('367', 'B1412524', 0);

-- --------------------------------------------------------

--
-- Cấu trúc bảng cho bảng `giao_vien`
--

CREATE TABLE `giao_vien` (
  `TAIKHOAN_USER` varchar(8) COLLATE utf8mb4_vietnamese_ci NOT NULL,
  `ID_BO_MON` decimal(2,0) DEFAULT NULL,
  `ID_QUYEN` decimal(1,0) DEFAULT NULL,
  `PASSWORD_USER` varchar(100) COLLATE utf8mb4_vietnamese_ci DEFAULT NULL,
  `HOTEN_USER` varchar(100) COLLATE utf8mb4_vietnamese_ci DEFAULT NULL,
  `MATHE_USER` varchar(20) COLLATE utf8mb4_vietnamese_ci DEFAULT NULL,
  `HINH_USER` varchar(400) COLLATE utf8mb4_vietnamese_ci DEFAULT NULL,
  `NGAY_SINH` date DEFAULT NULL,
  `GIOI_TINH` varchar(5) COLLATE utf8mb4_vietnamese_ci DEFAULT NULL,
  `DIA_CHI` varchar(400) COLLATE utf8mb4_vietnamese_ci DEFAULT NULL,
  `EMAIL` varchar(100) COLLATE utf8mb4_vietnamese_ci DEFAULT NULL,
  `SO_DT` varchar(15) COLLATE utf8mb4_vietnamese_ci DEFAULT NULL
) ENGINE=InnoDB DEFAULT CHARSET=utf8mb4 COLLATE=utf8mb4_vietnamese_ci;

--
-- Đang đổ dữ liệu cho bảng `giao_vien`
--

INSERT INTO `giao_vien` (`TAIKHOAN_USER`, `ID_BO_MON`, `ID_QUYEN`, `PASSWORD_USER`, `HOTEN_USER`, `MATHE_USER`, `HINH_USER`, `NGAY_SINH`, `GIOI_TINH`, `DIA_CHI`, `EMAIL`, `SO_DT`) VALUES
('CB0001', '1', '2', '25d55ad283aa400af464c76d713c07ad', 'Nguyễn Ngọc Mỹ', 'Chưa có', 'cb0001.png', '1986-09-09', 'Nam', 'An Giang', 'nnmy@ctu.edu.vn', '0976727098'),
('CB0002', '2', '2', '25d55ad283aa400af464c76d713c07ad', 'Phạm Thế Phi', 'Chưa có', 'cb0002.png', '1980-01-01', 'Nam', 'Cần Thơ', 'ptphi@ctu.edu.vn', 'Không biết'),
('CB0003', '2', '2', '25d55ad283aa400af464c76d713c07ad', 'Lâm Nhựt Khang', 'Chưa có', NULL, '1980-11-11', 'Nữ', 'Cần Thơ', 'lnkhang@ctu.edu.vn', 'Không biết'),
('CB0004', '2', '2', '25d55ad283aa400af464c76d713c07ad', 'Bùi Minh Quân', 'Chưa có', NULL, '1980-01-01', 'Nam', 'Cần Thơ', 'bmquann@ctu.edu.vn', 'Không biết'),
('CB0005', '1', '2', '25d55ad283aa400af464c76d713c07ad', 'Trần Công Án', 'Chưa có', NULL, '1980-01-01', 'Nam', 'Cần Thơ', 'tcan@ctu.edu.vn', 'Không biết'),
('CB0006', '2', '2', '25d55ad283aa400af464c76d713c07ad', 'Ngô Bá Hùng', 'Chưa có', NULL, '1980-01-01', 'Nam', 'Cần Thơ', 'nbhung@ctu.edu.vn', 'Không biết'),
('CB0007', '2', '2', '25d55ad283aa400af464c76d713c07ad', 'Nguyễn Hữu Vân Long', 'Chưa có', NULL, '1980-01-01', 'Nam', 'Cần Thơ', 'nhvlong@ctu.edu.vn', 'Không có'),
('CB0008', '3', '2', '25d55ad283aa400af464c76d713c07ad', 'Trần Việt Châu', 'Chưa có', NULL, '1980-01-01', 'Nam', 'Cần Thơ', 'tvchau@ctu.edu.vn', 'Không biết');

-- --------------------------------------------------------

--
-- Cấu trúc bảng cho bảng `hocky_namhoc`
--

CREATE TABLE `hocky_namhoc` (
  `ID_HKNH` decimal(5,0) NOT NULL,
  `HOCKY` varchar(3) COLLATE utf8mb4_vietnamese_ci DEFAULT NULL,
  `NAMHOC` varchar(10) COLLATE utf8mb4_vietnamese_ci DEFAULT NULL,
  `NGAY_BD_HK` date DEFAULT NULL
) ENGINE=InnoDB DEFAULT CHARSET=utf8mb4 COLLATE=utf8mb4_vietnamese_ci;

--
-- Đang đổ dữ liệu cho bảng `hocky_namhoc`
--

INSERT INTO `hocky_namhoc` (`ID_HKNH`, `HOCKY`, `NAMHOC`, `NGAY_BD_HK`) VALUES
('1', '1', '2016-2017', NULL),
('2', '2', '2016-2017', NULL),
('3', 'Hè', '2016-2017', NULL),
('4', '1', '2017-2018', NULL),
('5', '2', '2017-2018', '2018-01-01'),
('6', 'Hè', '2017-2018', NULL);

-- --------------------------------------------------------

--
-- Cấu trúc bảng cho bảng `khoa`
--

CREATE TABLE `khoa` (
  `ID_KHOA` decimal(2,0) NOT NULL,
  `TEN_KHOA` varchar(100) COLLATE utf8mb4_vietnamese_ci DEFAULT NULL
) ENGINE=InnoDB DEFAULT CHARSET=utf8mb4 COLLATE=utf8mb4_vietnamese_ci;

--
-- Đang đổ dữ liệu cho bảng `khoa`
--

INSERT INTO `khoa` (`ID_KHOA`, `TEN_KHOA`) VALUES
('1', 'Khoa Công nghệ'),
('2', 'Khoa Công nghệ Thông tin và Truyền thông'),
('3', 'Khoa Dự bị Dân tộc'),
('4', 'Khoa Khoa học Chính trị'),
('5', 'Khoa Khoa học Tự nhiên'),
('6', 'Khoa Khoa học Xã hội & Nhân văn'),
('7', 'Khoa Kinh tế'),
('8', 'Khoa Luật'),
('9', 'Khoa Môi trường & Tài nguyên Thiên nhiên'),
('10', 'Khoa Ngoại ngữ'),
('11', 'Khoa Nông nghiệp & Sinh học Ứng dụng'),
('12', 'Khoa Phát triển Nông thôn'),
('13', 'Khoa Sau đại học'),
('14', 'Khoa Sư phạm'),
('15', 'Khoa Thủy sản'),
('16', 'Bộ môn Giáo dục Thể chất'),
('17', 'Viện Nghiên cứu Biến đổi Khí Hậu'),
('18', 'Viện Nghiên cứu Phát triển ĐBSCL'),
('19', 'Viện NC & Phát triển Công nghệ Sinh học'),
('20', 'Trường THPT Thực hành Sư phạm');

-- --------------------------------------------------------

--
-- Cấu trúc bảng cho bảng `lich_hoc`
--

CREATE TABLE `lich_hoc` (
  `ID_LH` decimal(10,0) NOT NULL,
  `ID_TUAN` decimal(2,0) DEFAULT NULL,
  `ID_TIET` decimal(2,0) DEFAULT NULL,
  `ID_PHONG` decimal(4,0) DEFAULT NULL,
  `ID_NHOM_HP` decimal(11,0) NOT NULL,
  `SO_TIET` decimal(1,0) DEFAULT NULL,
  `NGAY_HOC` date DEFAULT NULL,
  `THU` tinyint(4) DEFAULT NULL
) ENGINE=InnoDB DEFAULT CHARSET=utf8mb4 COLLATE=utf8mb4_vietnamese_ci;

--
-- Đang đổ dữ liệu cho bảng `lich_hoc`
--

INSERT INTO `lich_hoc` (`ID_LH`, `ID_TUAN`, `ID_TIET`, `ID_PHONG`, `ID_NHOM_HP`, `SO_TIET`, `NGAY_HOC`, `THU`) VALUES
('1', '1', '1', '8', '1', '3', '2018-01-04', 5),
('2', '2', '1', '8', '1', '3', '2018-01-11', 5),
('3', '3', '1', '8', '1', '3', '2018-01-18', 5),
('4', '4', '1', '8', '1', '3', '2018-01-25', 5),
('5', '5', '1', '8', '1', '3', '2018-02-01', 5),
('6', '6', '1', '8', '1', '3', '2018-02-08', 5),
('7', '9', '1', '8', '1', '3', '2018-03-01', 5),
('8', '10', '1', '8', '1', '3', '2018-03-08', 5),
('9', '11', '1', '8', '1', '3', '2018-03-15', 5),
('10', '12', '1', '8', '1', '3', '2018-03-22', 5),
('11', '13', '1', '8', '1', '3', '2018-03-29', 5),
('12', '14', '1', '8', '1', '3', '2018-04-05', 5),
('13', '15', '1', '8', '1', '3', '2018-04-12', 5),
('14', '16', '1', '8', '1', '3', '2018-04-19', 5),
('15', '17', '1', '8', '1', '3', '2018-04-26', 5),
('16', '18', '1', '8', '1', '3', '2018-05-03', 5),
('17', '1', '1', '9', '2', '3', '2018-01-01', 2),
('18', '2', '1', '9', '2', '3', '2018-01-08', 2),
('19', '3', '1', '9', '2', '3', '2018-01-15', 2),
('20', '4', '1', '9', '2', '3', '2018-01-22', 2),
('21', '5', '1', '9', '2', '3', '2018-01-29', 2),
('22', '6', '1', '9', '2', '3', '2018-02-05', 2),
('23', '9', '1', '9', '2', '3', '2018-02-26', 2),
('24', '10', '1', '9', '2', '3', '2018-03-05', 2),
('25', '11', '1', '9', '2', '3', '2018-03-12', 2),
('26', '12', '1', '9', '2', '3', '2018-03-19', 2),
('27', '13', '1', '9', '2', '3', '2018-03-26', 2),
('28', '14', '1', '9', '2', '3', '2018-04-02', 2),
('29', '15', '1', '9', '2', '3', '2018-04-09', 2),
('30', '16', '1', '9', '2', '3', '2018-04-16', 2),
('31', '17', '1', '9', '2', '3', '2018-04-23', 2),
('32', '18', '1', '9', '2', '3', '2018-04-30', 2),
('34', '1', '6', '7', '3', '3', '2018-01-03', 4),
('36', '2', '6', '7', '3', '3', '2018-01-10', 4),
('38', '3', '6', '7', '3', '3', '2018-01-17', 4),
('40', '4', '6', '7', '3', '3', '2018-01-24', 4),
('42', '5', '6', '7', '3', '3', '2018-01-31', 4),
('44', '6', '6', '7', '3', '3', '2018-02-07', 4),
('46', '9', '6', '7', '3', '3', '2018-02-28', 4),
('48', '10', '6', '7', '3', '3', '2018-03-07', 4),
('50', '11', '6', '7', '3', '3', '2018-03-14', 4),
('52', '12', '6', '7', '3', '3', '2018-03-21', 4),
('54', '13', '6', '7', '3', '3', '2018-03-28', 4),
('56', '14', '6', '7', '3', '3', '2018-04-04', 4),
('58', '15', '6', '7', '3', '3', '2018-04-11', 4),
('60', '16', '6', '7', '3', '3', '2018-04-18', 4),
('62', '17', '6', '7', '3', '3', '2018-04-25', 4),
('64', '18', '6', '7', '3', '3', '2018-05-02', 4),
('66', '1', '2', '7', '4', '3', '2018-01-03', 4),
('68', '2', '2', '7', '4', '3', '2018-01-10', 4),
('70', '3', '2', '7', '4', '3', '2018-01-17', 4),
('72', '4', '2', '7', '4', '3', '2018-01-24', 4),
('74', '5', '2', '7', '4', '3', '2018-01-31', 4),
('76', '6', '2', '7', '4', '3', '2018-02-07', 4),
('78', '9', '2', '7', '4', '3', '2018-02-28', 4),
('80', '10', '2', '7', '4', '3', '2018-03-07', 4),
('82', '11', '2', '7', '4', '3', '2018-03-14', 4),
('84', '12', '2', '7', '4', '3', '2018-03-21', 4),
('86', '13', '2', '7', '4', '3', '2018-03-28', 4),
('88', '14', '2', '7', '4', '3', '2018-04-04', 4),
('90', '15', '2', '7', '4', '3', '2018-04-11', 4),
('92', '16', '2', '7', '4', '3', '2018-04-18', 4),
('94', '17', '2', '7', '4', '3', '2018-04-25', 4),
('96', '18', '2', '7', '4', '3', '2018-05-02', 4),
('97', '2', '6', '9', '5', '3', '2018-01-08', 2),
('98', '3', '6', '9', '5', '3', '2018-01-15', 2),
('99', '4', '6', '9', '5', '3', '2018-01-22', 2),
('100', '5', '6', '9', '5', '3', '2018-01-29', 2),
('101', '6', '6', '9', '5', '3', '2018-02-05', 2),
('102', '9', '6', '9', '5', '3', '2018-02-26', 2),
('103', '10', '6', '9', '5', '3', '2018-03-05', 2),
('104', '11', '6', '9', '5', '3', '2018-03-12', 2),
('105', '12', '6', '9', '5', '3', '2018-03-19', 2),
('106', '13', '6', '9', '5', '3', '2018-03-26', 2),
('107', '14', '6', '9', '5', '3', '2018-04-02', 2),
('108', '15', '6', '9', '5', '3', '2018-04-09', 2),
('109', '16', '6', '9', '5', '3', '2018-04-16', 2),
('110', '17', '6', '9', '5', '3', '2018-04-23', 2),
('111', '18', '6', '9', '5', '3', '2018-04-30', 2),
('112', '1', '3', '10', '6', '3', '2018-01-01', 2),
('113', '2', '3', '10', '6', '3', '2018-01-08', 2),
('114', '3', '3', '10', '6', '3', '2018-01-15', 2),
('115', '4', '3', '10', '6', '3', '2018-01-22', 2),
('116', '5', '3', '10', '6', '3', '2018-01-29', 2),
('117', '6', '3', '10', '6', '3', '2018-02-05', 2),
('118', '9', '3', '10', '6', '3', '2018-02-26', 2),
('119', '10', '3', '10', '6', '3', '2018-03-05', 2),
('120', '11', '3', '10', '6', '3', '2018-03-12', 2),
('121', '12', '3', '10', '6', '3', '2018-03-19', 2),
('122', '13', '3', '10', '6', '3', '2018-03-26', 2),
('123', '14', '3', '10', '6', '3', '2018-04-02', 2),
('124', '15', '3', '10', '6', '3', '2018-04-09', 2),
('125', '16', '3', '10', '6', '3', '2018-04-16', 2),
('126', '17', '3', '10', '6', '3', '2018-04-23', 2),
('127', '18', '3', '10', '6', '3', '2018-04-30', 2),
('128', '1', '2', '7', '7', '3', '2018-01-02', 3),
('129', '2', '2', '7', '7', '3', '2018-01-09', 3),
('130', '3', '2', '7', '7', '3', '2018-01-16', 3),
('131', '4', '2', '7', '7', '3', '2018-01-23', 3),
('132', '5', '2', '7', '7', '3', '2018-01-30', 3),
('133', '6', '2', '7', '7', '3', '2018-02-06', 3),
('134', '9', '2', '7', '7', '3', '2018-02-27', 3),
('135', '10', '2', '7', '7', '3', '2018-03-06', 3),
('136', '11', '2', '7', '7', '3', '2018-03-13', 3),
('137', '12', '2', '7', '7', '3', '2018-03-20', 3),
('138', '13', '2', '7', '7', '3', '2018-03-27', 3),
('139', '14', '2', '7', '7', '3', '2018-04-03', 3),
('140', '15', '2', '7', '7', '3', '2018-04-10', 3),
('141', '16', '2', '7', '7', '3', '2018-04-17', 3),
('142', '17', '2', '7', '7', '3', '2018-04-24', 3),
('143', '18', '2', '7', '7', '3', '2018-05-01', 3),
('144', '1', '1', '10', '8', '3', '2018-01-04', 5),
('145', '2', '1', '10', '8', '3', '2018-01-11', 5),
('146', '3', '1', '10', '8', '3', '2018-01-18', 5),
('147', '4', '1', '10', '8', '3', '2018-01-25', 5),
('148', '5', '1', '10', '8', '3', '2018-02-01', 5),
('149', '6', '1', '10', '8', '3', '2018-02-08', 5),
('150', '9', '1', '10', '8', '3', '2018-03-01', 5),
('151', '10', '1', '10', '8', '3', '2018-03-08', 5),
('152', '11', '1', '10', '8', '3', '2018-03-15', 5),
('153', '12', '1', '10', '8', '3', '2018-03-22', 5),
('154', '13', '1', '10', '8', '3', '2018-03-29', 5),
('155', '14', '1', '10', '8', '3', '2018-04-05', 5),
('156', '15', '1', '10', '8', '3', '2018-04-12', 5),
('157', '16', '1', '10', '8', '3', '2018-04-19', 5),
('158', '17', '1', '10', '8', '3', '2018-04-26', 5),
('159', '18', '1', '10', '8', '3', '2018-05-03', 5),
('160', '1', '1', '11', '9', '3', '2018-01-01', 2),
('161', '2', '1', '11', '9', '3', '2018-01-08', 2),
('162', '3', '1', '11', '9', '3', '2018-01-15', 2),
('163', '4', '1', '11', '9', '3', '2018-01-22', 2),
('164', '5', '1', '11', '9', '3', '2018-01-29', 2),
('165', '6', '1', '11', '9', '3', '2018-02-05', 2),
('166', '9', '1', '11', '9', '3', '2018-02-26', 2),
('167', '10', '1', '11', '9', '3', '2018-03-05', 2),
('168', '11', '1', '11', '9', '3', '2018-03-12', 2),
('169', '12', '1', '11', '9', '3', '2018-03-19', 2),
('170', '13', '1', '11', '9', '3', '2018-03-26', 2),
('171', '14', '1', '11', '9', '3', '2018-04-02', 2),
('172', '15', '1', '11', '9', '3', '2018-04-09', 2),
('173', '16', '1', '11', '9', '3', '2018-04-16', 2),
('174', '17', '1', '11', '9', '3', '2018-04-23', 2),
('175', '18', '1', '11', '9', '3', '2018-04-30', 2),
('176', '1', '2', '6', '10', '3', '2018-01-05', 6),
('177', '2', '2', '6', '10', '3', '2018-01-12', 6),
('178', '3', '2', '6', '10', '3', '2018-01-19', 6),
('179', '4', '2', '6', '10', '3', '2018-01-26', 6),
('180', '5', '2', '6', '10', '3', '2018-02-02', 6),
('181', '6', '2', '6', '10', '3', '2018-02-09', 6),
('182', '9', '2', '6', '10', '3', '2018-03-02', 6),
('183', '10', '2', '6', '10', '3', '2018-03-09', 6),
('184', '11', '2', '6', '10', '3', '2018-03-16', 6),
('185', '12', '2', '6', '10', '3', '2018-03-23', 6),
('186', '13', '2', '6', '10', '3', '2018-03-30', 6),
('187', '14', '2', '6', '10', '3', '2018-04-06', 6),
('188', '15', '2', '6', '10', '3', '2018-04-13', 6),
('189', '16', '2', '6', '10', '3', '2018-04-20', 6),
('190', '17', '2', '6', '10', '3', '2018-04-27', 6),
('191', '18', '2', '6', '10', '3', '2018-05-04', 6),
('192', '1', '6', '7', '11', '3', '2018-01-05', 6),
('193', '2', '6', '7', '11', '3', '2018-01-12', 6),
('194', '3', '6', '7', '11', '3', '2018-01-19', 6),
('195', '4', '6', '7', '11', '3', '2018-01-26', 6),
('196', '5', '6', '7', '11', '3', '2018-02-02', 6),
('197', '6', '6', '7', '11', '3', '2018-02-09', 6),
('198', '9', '6', '7', '11', '3', '2018-03-02', 6),
('199', '10', '6', '7', '11', '3', '2018-03-09', 6),
('200', '11', '6', '7', '11', '3', '2018-03-16', 6),
('201', '12', '6', '7', '11', '3', '2018-03-23', 6),
('202', '13', '6', '7', '11', '3', '2018-03-30', 6),
('203', '14', '6', '7', '11', '3', '2018-04-06', 6),
('204', '15', '6', '7', '11', '3', '2018-04-13', 6),
('205', '16', '6', '7', '11', '3', '2018-04-20', 6),
('206', '17', '6', '7', '11', '3', '2018-04-27', 6),
('207', '18', '6', '7', '11', '3', '2018-05-04', 6),
('208', '1', NULL, NULL, '12', NULL, NULL, NULL),
('209', '2', NULL, NULL, '12', NULL, NULL, NULL),
('210', '3', NULL, NULL, '12', NULL, NULL, NULL),
('211', '4', NULL, NULL, '12', NULL, NULL, NULL),
('212', '5', NULL, NULL, '12', NULL, NULL, NULL),
('213', '6', NULL, NULL, '12', NULL, NULL, NULL),
('214', '9', NULL, NULL, '12', NULL, NULL, NULL),
('215', '10', NULL, NULL, '12', NULL, NULL, NULL),
('216', '11', NULL, NULL, '12', NULL, NULL, NULL),
('217', '12', NULL, NULL, '12', NULL, NULL, NULL),
('218', '13', NULL, NULL, '12', NULL, NULL, NULL),
('219', '14', NULL, NULL, '12', NULL, NULL, NULL),
('220', '15', NULL, NULL, '12', NULL, NULL, NULL),
('221', '16', NULL, NULL, '12', NULL, NULL, NULL),
('222', '17', NULL, NULL, '12', NULL, NULL, NULL),
('223', '18', NULL, NULL, '12', NULL, NULL, NULL),
('224', '1', NULL, NULL, '13', NULL, NULL, NULL),
('225', '2', NULL, NULL, '13', NULL, NULL, NULL),
('226', '3', NULL, NULL, '13', NULL, NULL, NULL),
('227', '4', NULL, NULL, '13', NULL, NULL, NULL),
('228', '5', NULL, NULL, '13', NULL, NULL, NULL),
('229', '6', NULL, NULL, '13', NULL, NULL, NULL),
('230', '9', NULL, NULL, '13', NULL, NULL, NULL),
('231', '10', NULL, NULL, '13', NULL, NULL, NULL),
('232', '11', NULL, NULL, '13', NULL, NULL, NULL),
('233', '12', NULL, NULL, '13', NULL, NULL, NULL),
('234', '13', NULL, NULL, '13', NULL, NULL, NULL),
('235', '14', NULL, NULL, '13', NULL, NULL, NULL),
('236', '15', NULL, NULL, '13', NULL, NULL, NULL),
('237', '16', NULL, NULL, '13', NULL, NULL, NULL),
('238', '17', NULL, NULL, '13', NULL, NULL, NULL),
('239', '18', NULL, NULL, '13', NULL, NULL, NULL),
('240', '1', NULL, NULL, '14', NULL, NULL, NULL),
('241', '2', NULL, NULL, '14', NULL, NULL, NULL),
('242', '3', NULL, NULL, '14', NULL, NULL, NULL),
('243', '4', NULL, NULL, '14', NULL, NULL, NULL),
('244', '5', NULL, NULL, '14', NULL, NULL, NULL),
('245', '6', NULL, NULL, '14', NULL, NULL, NULL),
('246', '9', NULL, NULL, '14', NULL, NULL, NULL),
('247', '10', NULL, NULL, '14', NULL, NULL, NULL),
('248', '11', NULL, NULL, '14', NULL, NULL, NULL),
('249', '12', NULL, NULL, '14', NULL, NULL, NULL),
('250', '13', NULL, NULL, '14', NULL, NULL, NULL),
('251', '14', NULL, NULL, '14', NULL, NULL, NULL),
('252', '15', NULL, NULL, '14', NULL, NULL, NULL),
('253', '16', NULL, NULL, '14', NULL, NULL, NULL),
('254', '17', NULL, NULL, '14', NULL, NULL, NULL),
('255', '18', NULL, NULL, '14', NULL, NULL, NULL),
('262', '1', '10', '1', '15', '5', '2018-01-07', 8),
('269', '2', '10', '1', '15', '5', '2018-01-14', 8),
('276', '3', '10', '1', '15', '5', '2018-01-21', 8),
('283', '4', '10', '1', '15', '5', '2018-01-28', 8),
('290', '5', '10', '1', '15', '5', '2018-02-04', 8),
('297', '6', '10', '1', '15', '5', '2018-02-11', 8),
('304', '9', '10', '1', '15', '5', '2018-03-04', 8),
('311', '10', '10', '1', '15', '5', '2018-03-11', 8),
('318', '11', '10', '1', '15', '5', '2018-03-18', 8),
('325', '12', '10', '1', '15', '5', '2018-03-25', 8),
('332', '13', '10', '1', '15', '5', '2018-04-01', 8),
('339', '14', '10', '1', '15', '5', '2018-04-08', 8),
('346', '15', '10', '1', '15', '5', '2018-04-15', 8),
('353', '16', '10', '1', '15', '5', '2018-04-22', 8),
('360', '17', '10', '1', '15', '5', '2018-04-29', 8),
('367', '18', '10', '1', '15', '5', '2018-05-06', 8),
('374', '1', '1', '1', '16', '5', '2018-01-07', 8),
('381', '2', '1', '1', '16', '5', '2018-01-14', 8),
('388', '3', '1', '1', '16', '5', '2018-01-21', 8),
('395', '4', '1', '1', '16', '5', '2018-01-28', 8),
('402', '5', '1', '1', '16', '5', '2018-02-04', 8),
('409', '6', '1', '1', '16', '5', '2018-02-11', 8),
('416', '9', '1', '1', '16', '5', '2018-03-04', 8),
('423', '10', '1', '1', '16', '5', '2018-03-11', 8),
('430', '11', '1', '1', '16', '5', '2018-03-18', 8),
('437', '12', '1', '1', '16', '5', '2018-03-25', 8),
('444', '13', '1', '1', '16', '5', '2018-04-01', 8),
('451', '14', '1', '1', '16', '5', '2018-04-08', 8),
('458', '15', '1', '1', '16', '5', '2018-04-15', 8),
('465', '16', '1', '1', '16', '5', '2018-04-22', 8),
('472', '17', '1', '1', '16', '5', '2018-04-29', 8),
('479', '18', '1', '1', '16', '5', '2018-05-06', 8);

-- --------------------------------------------------------

--
-- Cấu trúc bảng cho bảng `lop`
--

CREATE TABLE `lop` (
  `MA_LOP` varchar(10) COLLATE utf8mb4_vietnamese_ci NOT NULL,
  `TAIKHOAN_USER` varchar(8) COLLATE utf8mb4_vietnamese_ci NOT NULL,
  `TEN_LOP` varchar(200) COLLATE utf8mb4_vietnamese_ci DEFAULT NULL,
  `KHOA` decimal(3,0) DEFAULT NULL
) ENGINE=InnoDB DEFAULT CHARSET=utf8mb4 COLLATE=utf8mb4_vietnamese_ci;

-- --------------------------------------------------------

--
-- Cấu trúc bảng cho bảng `mon_hoc`
--

CREATE TABLE `mon_hoc` (
  `MA_MH` varchar(5) COLLATE utf8mb4_vietnamese_ci NOT NULL,
  `TEN_MH` varchar(100) COLLATE utf8mb4_vietnamese_ci DEFAULT NULL,
  `SO_TC` decimal(2,0) DEFAULT NULL
) ENGINE=InnoDB DEFAULT CHARSET=utf8mb4 COLLATE=utf8mb4_vietnamese_ci;

--
-- Đang đổ dữ liệu cho bảng `mon_hoc`
--

INSERT INTO `mon_hoc` (`MA_MH`, `TEN_MH`, `SO_TC`) VALUES
('CT101', 'Lập trình căn bản A', '4'),
('CT103', 'Cấu trúc dữ liệu', '4'),
('CT109', 'Phân tích và thiết kế hệ thống TT', '3'),
('CT112', 'Mạng máy tính', '3'),
('CT171', 'Nhập môn công nghệ phần mềm', '3'),
('CT172', 'Toán rời rạc', '4'),
('CT173', 'Kiến trúc máy tính', '3'),
('CT174', 'Phân tích và thiết kế thuật toán', '3'),
('CT175', 'Lý thuyết đồ thị', '3'),
('CT176', 'Lập trình hướng đối tượng', '3'),
('CT178', 'Nguyên lý hệ điều hành', '3'),
('CT179', 'Quản trị hệ thống', '3'),
('CT180', 'Cơ sở dữ liệu', '3'),
('CT183', 'Anh văn chuyên môn CNTT 1', '3'),
('CT184', 'Anh văn chuyên môn CNTT 2', '3'),
('CT187', 'Nền tảng công nghệ thông tin', '3'),
('CT202', 'Nguyên lý máy học', '3'),
('CT206', 'Phát triển Ứng dụng trên Linux', '3'),
('CT212', 'Quản trị mạng', '3'),
('CT221', 'Lập trình mạng', '3'),
('CT222', 'An toàn hệ thống', '3'),
('CT233', 'Điện toán đám mây', '3'),
('CT237', 'Nguyên lý hệ quản trị cơ sở dữ liệu', '3'),
('CT269', 'Hệ quản trị cơ sở dữ liệu Oracle', '2'),
('CT271', 'Niên luận cơ sở - CNTT', '3'),
('CT311', 'Phương pháp NCKH', '2'),
('CT332', 'Trí tuệ nhân tạo', '3'),
('CT335', 'Thiết kế và cài đặt mạng', '3'),
('CT428', 'Lập trình Web', '3'),
('CT450', 'Thực tập thực tế - CNTT', '2'),
('CT466', 'Niên luận - CNTT', '3'),
('CT593', 'Luận văn tốt nghiệp - CNTT', '10'),
('KL001', 'Pháp luật đại cương', '2'),
('ML006', 'Tư tưởng Hồ Chí Minh', '2'),
('ML009', 'Những nguyên lý cơ bản của chủ nghĩa Mác-Lênin 1', '2'),
('ML010', 'Những nguyên lý cơ bản của chủ nghĩa Mác-Lênin 2', '3'),
('ML011', 'Đường lối cách mạng của ĐCSVN', '3'),
('QP003', 'Giáo dục quốc phòng - An ninh 1 (*)', '3'),
('QP004', 'Giáo dục quốc phòng - An ninh 2 (*)', '2'),
('QP005', 'Giáo dục quốc phòng - An ninh 3 (*)', '3'),
('TC003', 'Taekwondo 1 (*)', '1'),
('TC004', 'Taekwondo 2 (*)', '1'),
('TC019', 'Taekwondo 3 (*)', '1'),
('TN001', 'Vi - Tích phân A1', '3'),
('TN002', 'Vi - Tích phân A2', '4'),
('TN010', 'Xác suất thống kê', '3'),
('TN012', 'Đại số tuyến tính và hình học', '4'),
('TN033', 'Tin học căn bản', '1'),
('TN034', 'TT. Tin học căn bản', '2'),
('XH011', 'Cơ sở văn hoá Việt Nam', '2'),
('XH023', 'Anh văn căn bản 1 (*)', '4'),
('XH024', 'Anh văn căn bản 2 (*)', '3'),
('XH025', 'Anh văn căn bản 3 (*)', '3');

-- --------------------------------------------------------

--
-- Cấu trúc bảng cho bảng `nganh`
--

CREATE TABLE `nganh` (
  `ID_NGANH` decimal(3,0) NOT NULL,
  `TEN_NGANH` varchar(200) COLLATE utf8mb4_vietnamese_ci DEFAULT NULL
) ENGINE=InnoDB DEFAULT CHARSET=utf8mb4 COLLATE=utf8mb4_vietnamese_ci;

--
-- Đang đổ dữ liệu cho bảng `nganh`
--

INSERT INTO `nganh` (`ID_NGANH`, `TEN_NGANH`) VALUES
('1', 'Công nghệ thông tin'),
('2', 'Kỹ thuật phần mềm'),
('3', 'Khoa học máy tính'),
('4', 'Hệ thống thông tin');

-- --------------------------------------------------------

--
-- Cấu trúc bảng cho bảng `nganh_thuoc_khoa`
--

CREATE TABLE `nganh_thuoc_khoa` (
  `ID_NGANH` decimal(3,0) NOT NULL,
  `ID_KHOA` decimal(2,0) NOT NULL
) ENGINE=InnoDB DEFAULT CHARSET=utf8mb4 COLLATE=utf8mb4_vietnamese_ci;

--
-- Đang đổ dữ liệu cho bảng `nganh_thuoc_khoa`
--

INSERT INTO `nganh_thuoc_khoa` (`ID_NGANH`, `ID_KHOA`) VALUES
('1', '2'),
('1', '12'),
('2', '2'),
('3', '2'),
('4', '2'),
('4', '12');

-- --------------------------------------------------------

--
-- Cấu trúc bảng cho bảng `nhom_hp`
--

CREATE TABLE `nhom_hp` (
  `ID_NHOM_HP` decimal(11,0) NOT NULL,
  `MA_MH` varchar(5) COLLATE utf8mb4_vietnamese_ci NOT NULL,
  `ID_HKNH` decimal(5,0) NOT NULL,
  `TAIKHOAN_USER` varchar(8) COLLATE utf8mb4_vietnamese_ci DEFAULT NULL,
  `MA_NHOM_HP` varchar(5) COLLATE utf8mb4_vietnamese_ci DEFAULT NULL,
  `SISO_NHOM_HP` decimal(4,0) DEFAULT NULL,
  `SISO_TOIDA_NHOM_HP` decimal(4,0) DEFAULT NULL
) ENGINE=InnoDB DEFAULT CHARSET=utf8mb4 COLLATE=utf8mb4_vietnamese_ci;

--
-- Đang đổ dữ liệu cho bảng `nhom_hp`
--

INSERT INTO `nhom_hp` (`ID_NHOM_HP`, `MA_MH`, `ID_HKNH`, `TAIKHOAN_USER`, `MA_NHOM_HP`, `SISO_NHOM_HP`, `SISO_TOIDA_NHOM_HP`) VALUES
('1', 'Ct335', '5', 'CB0007', '01', '0', '80'),
('2', 'CT335', '5', 'CB0007', '02', '0', '40'),
('3', 'CT335', '5', 'CB0007', 'H01', '0', '60'),
('4', 'CT335', '5', 'CB0007', 'H02', '0', '60'),
('5', 'CT212', '5', 'CB0004', '01', '0', '60'),
('6', 'CT212', '5', 'CB0004', '02', '0', '60'),
('7', 'CT212', '5', 'CB0004', 'H01', '0', '65'),
('8', 'CT222', '5', 'CB0002', '01', '0', '52'),
('9', 'CT222', '5', 'CB0002', '02', '0', '52'),
('10', 'CT222', '5', 'CB0002', 'H01', '0', '60'),
('11', 'CT222', '5', 'CB0002', 'H02', '0', '60'),
('12', 'CT466', '5', 'CB0005', 'H01', '0', '40'),
('13', 'CT466', '5', 'CB0003', 'H02', '0', '40'),
('14', 'CT466', '5', 'CB0001', 'H03', '0', '40'),
('15', 'CT176', '5', 'CB0001', 'H01', '0', '100'),
('16', 'CT178', '5', 'CB0001', 'H01', '0', '60');

-- --------------------------------------------------------

--
-- Cấu trúc bảng cho bảng `phong`
--

CREATE TABLE `phong` (
  `ID_PHONG` decimal(4,0) NOT NULL,
  `TEN_PHONG` varchar(50) COLLATE utf8mb4_vietnamese_ci DEFAULT NULL,
  `DIA_DIEM_PHONG` varchar(100) COLLATE utf8mb4_vietnamese_ci DEFAULT NULL,
  `SUC_CHUA_PHONG` decimal(5,0) DEFAULT NULL,
  `IP_RFID` varchar(20) COLLATE utf8mb4_vietnamese_ci DEFAULT NULL
) ENGINE=InnoDB DEFAULT CHARSET=utf8mb4 COLLATE=utf8mb4_vietnamese_ci;

--
-- Đang đổ dữ liệu cho bảng `phong`
--

INSERT INTO `phong` (`ID_PHONG`, `TEN_PHONG`, `DIA_DIEM_PHONG`, `SUC_CHUA_PHONG`, `IP_RFID`) VALUES
('1', '101/HA', 'Khu Hòa An', '120', '192.168.43.46'),
('2', '102/HA', 'Khu Hòa An', '120', 'Chưa có'),
('3', '103/HA', 'Khu Hòa An', '120', 'Chưa có'),
('4', '104/HA', 'Khu Hòa An', '120', 'Chưa có'),
('5', '105/HA', 'Khu Hòa An', '80', 'Chưa có'),
('6', '106/HA', 'Khu Hòa An', '60', 'Chưa có'),
('7', '107/HA', 'Khu Hòa An', '60', 'Chưa có'),
('8', '221/B1', 'Lầu 1, Nhà học B1', '100', 'Chưa có'),
('9', '401/D1', 'Lầu 3, nhà điều hành', '60', 'Chưa có'),
('10', '201/C1', 'Lầu 1, nhà học C1', '80', 'Chưa có'),
('11', '101/C1', 'Tầng trệt, nhà học C1', '100', 'Chưa có');

-- --------------------------------------------------------

--
-- Cấu trúc bảng cho bảng `quan_ly`
--

CREATE TABLE `quan_ly` (
  `TAIKHOAN_USER` varchar(8) COLLATE utf8mb4_vietnamese_ci NOT NULL,
  `ID_QUYEN` decimal(1,0) DEFAULT NULL,
  `PASSWORD_USER` varchar(100) COLLATE utf8mb4_vietnamese_ci DEFAULT NULL,
  `HOTEN_USER` varchar(100) COLLATE utf8mb4_vietnamese_ci DEFAULT NULL,
  `MATHE_USER` varchar(20) COLLATE utf8mb4_vietnamese_ci DEFAULT NULL,
  `HINH_USER` varchar(400) COLLATE utf8mb4_vietnamese_ci DEFAULT NULL,
  `NGAY_SINH` date DEFAULT NULL,
  `GIOI_TINH` varchar(5) COLLATE utf8mb4_vietnamese_ci DEFAULT NULL,
  `DIA_CHI` varchar(400) COLLATE utf8mb4_vietnamese_ci DEFAULT NULL,
  `EMAIL` varchar(100) COLLATE utf8mb4_vietnamese_ci DEFAULT NULL,
  `SO_DT` varchar(15) COLLATE utf8mb4_vietnamese_ci DEFAULT NULL
) ENGINE=InnoDB DEFAULT CHARSET=utf8mb4 COLLATE=utf8mb4_vietnamese_ci;

-- --------------------------------------------------------

--
-- Cấu trúc bảng cho bảng `quyen`
--

CREATE TABLE `quyen` (
  `ID_QUYEN` decimal(1,0) NOT NULL,
  `TEN_QUYEN` varchar(100) COLLATE utf8mb4_vietnamese_ci DEFAULT NULL
) ENGINE=InnoDB DEFAULT CHARSET=utf8mb4 COLLATE=utf8mb4_vietnamese_ci;

--
-- Đang đổ dữ liệu cho bảng `quyen`
--

INSERT INTO `quyen` (`ID_QUYEN`, `TEN_QUYEN`) VALUES
('1', 'Quản lý'),
('2', 'Giáo viên'),
('3', 'Sinh viên');

-- --------------------------------------------------------

--
-- Cấu trúc bảng cho bảng `sinh_vien`
--

CREATE TABLE `sinh_vien` (
  `TAIKHOAN_USER` varchar(8) COLLATE utf8mb4_vietnamese_ci NOT NULL,
  `MA_LOP` varchar(10) COLLATE utf8mb4_vietnamese_ci DEFAULT NULL,
  `ID_NGANH` decimal(3,0) DEFAULT NULL,
  `ID_KHOA` decimal(2,0) DEFAULT NULL,
  `ID_QUYEN` decimal(1,0) DEFAULT NULL,
  `PASSWORD_USER` varchar(100) COLLATE utf8mb4_vietnamese_ci DEFAULT NULL,
  `HOTEN_USER` varchar(100) COLLATE utf8mb4_vietnamese_ci DEFAULT NULL,
  `MATHE_USER` varchar(20) COLLATE utf8mb4_vietnamese_ci DEFAULT NULL,
  `HINH_USER` varchar(400) COLLATE utf8mb4_vietnamese_ci DEFAULT NULL,
  `NGAY_SINH` date DEFAULT NULL,
  `GIOI_TINH` varchar(5) COLLATE utf8mb4_vietnamese_ci DEFAULT NULL,
  `DIA_CHI` varchar(400) COLLATE utf8mb4_vietnamese_ci DEFAULT NULL,
  `EMAIL` varchar(100) COLLATE utf8mb4_vietnamese_ci DEFAULT NULL,
  `SO_DT` varchar(15) COLLATE utf8mb4_vietnamese_ci DEFAULT NULL
) ENGINE=InnoDB DEFAULT CHARSET=utf8mb4 COLLATE=utf8mb4_vietnamese_ci;

--
-- Đang đổ dữ liệu cho bảng `sinh_vien`
--

INSERT INTO `sinh_vien` (`TAIKHOAN_USER`, `MA_LOP`, `ID_NGANH`, `ID_KHOA`, `ID_QUYEN`, `PASSWORD_USER`, `HOTEN_USER`, `MATHE_USER`, `HINH_USER`, `NGAY_SINH`, `GIOI_TINH`, `DIA_CHI`, `EMAIL`, `SO_DT`) VALUES
('B1410557', NULL, NULL, NULL, '3', '25d55ad283aa400af464c76d713c07ad', 'Phạm Nguyễn Trường An', 'Chưa có', NULL, '1996-02-10', 'Nam', 'Cần Thơ', 'anb1410557@student.ctu.edu.vn', '0979837717'),
('B1410558', NULL, NULL, NULL, '3', '25d55ad283aa400af464c76d713c07ad', 'Nguyễn Thị Kiều Anh', 'Chưa có', NULL, '2018-03-01', 'Nữ', 'Xã Đông Thạnh, Châu Thành, Hậu Giang', 'anhb1410558@student.ctu.edu.vn', '1633613576'),
('B1410560', NULL, NULL, NULL, '3', '25d55ad283aa400af464c76d713c07ad', 'Huỳnh Thị Bính', 'Chưa có', NULL, '2018-03-01', 'Nữ', 'xã Phong thạnh -Giá Rai- Bạc Liêu', 'binhb1410560@student.ctu.edu.vn', '1259795900'),
('B1410561', NULL, NULL, NULL, '3', '25d55ad283aa400af464c76d713c07ad', 'Phạm Huỳnh Tuấn Cảnh', 'Chưa có', NULL, '2018-03-01', 'Nam', 'Phú Hữu Tây, Phú Thịnh, Tam Bình, Vĩnh Long', 'canhb1410561@student.ctu.edu.vn', '1206720416'),
('B1410562', NULL, NULL, NULL, '3', '25d55ad283aa400af464c76d713c07ad', 'Trần Văn Cảnh', 'Chưa có', NULL, '2018-03-01', 'Nam', 'Vị Bình,Vị Thủy, Hậu Giang', 'canhb1410562@student.ctu.edu.vn', '0939610043'),
('B1410563', NULL, NULL, NULL, '3', '25d55ad283aa400af464c76d713c07ad', 'Dương Ngọc Kim Chi', 'Chưa có', NULL, '2018-03-01', 'Nữ', 'thành phố Sóc Trăng', 'chib1410563@student.ctu.edu.vn', '01675864252'),
('B1410564', NULL, NULL, NULL, '3', '25d55ad283aa400af464c76d713c07ad', 'Bùi Công Đạt', 'Chưa có', NULL, '2018-03-01', 'Nam', 'Xã Tân Thạnh, Huyện Thới Lai, TPCT', 'datb1410564@student.ctu.edu.vn', '0915517772'),
('B1410566', NULL, NULL, NULL, '3', '25d55ad283aa400af464c76d713c07ad', 'Lê Dương Khánh Duy', 'Chưa có', NULL, '1996-05-09', 'Nam', 'trường long tây, châu thành a, hậu giang', 'duyb1410566@student.ctu.edu.vn', '0932875234'),
('B1410570', NULL, NULL, NULL, '3', '25d55ad283aa400af464c76d713c07ad', 'Nguyễn Hoàng Kha', 'Chưa có', NULL, '2018-03-01', 'Nam', 'Trường Phú ,Trường Thắng, Thới Lai, TPCT', 'khab1410570@student.ctu.edu.vn', '01208307326'),
('B1410571', NULL, NULL, NULL, '3', '25d55ad283aa400af464c76d713c07ad', 'Lê Vũ Khanh', 'Chưa có', NULL, '2018-03-01', 'Nam', 'TT.Kinh Cùng, H.Phụng Hiệp, Hậu Giang', 'khanhb1410571@student.ctu.edu.vn', '01214941230'),
('B1410572', NULL, NULL, NULL, '3', '25d55ad283aa400af464c76d713c07ad', 'Phạm Duy Khánh', 'Chưa có', NULL, '2018-03-01', 'Nam', '023/1 KV Thạnh Mỹ, Quận Cái Răng , TP Cần Thơ', 'khanhb1410572@student.ctu.edu.vn', '01694615516'),
('B1410573', NULL, NULL, NULL, '3', '25d55ad283aa400af464c76d713c07ad', 'Hồ Ngọc Đăng Khoa', 'Chưa có', NULL, '1996-06-16', 'Nam', 'Trà Ôn, Vĩnh Long', 'khoab1410573@student.ctu.edu.vn', '016123456789'),
('B1410575', NULL, NULL, NULL, '3', '25d55ad283aa400af464c76d713c07ad', 'Trương Thị Thanh Lam', 'Chưa có', NULL, '2018-03-01', 'Nữ', 'Rạch Sỏi, Rạch Giá, Kiên Giang', 'lamb1410575@student.ctu.edu.vn', '0945540674'),
('B1410576', NULL, NULL, NULL, '3', '25d55ad283aa400af464c76d713c07ad', 'Bùi Hữu Lộc', 'Chưa có', NULL, '2018-03-01', 'Nam', 'Xã Thạnh Xuân, Châu Thành A, Hậu Giang', 'locb1410576@student.ctu.edu.vn', '01214990975'),
('B1410577', NULL, NULL, NULL, '3', '25d55ad283aa400af464c76d713c07ad', 'Trần Bảo Lộc', 'Chưa có', NULL, '2018-03-01', 'Nam', 'Ngọc Tố, Mỹ Xuyên, Sóc Trăng', 'locb1410577@student.ctu.edu.vn', '0966839919'),
('B1410578', NULL, NULL, NULL, '3', '25d55ad283aa400af464c76d713c07ad', 'Phan Vạn Lợi', 'Chưa có', NULL, '2018-03-01', 'Nam', 'Ngọc Chánh , Đầm Dơi, Cà Mau', 'loib1410578@student.ctu.edu.vn', '0943190512'),
('B1410579', NULL, NULL, NULL, '3', '25d55ad283aa400af464c76d713c07ad', 'Nguyễn Hoàng Long', 'Chưa có', NULL, '2018-03-01', 'Nam', 'thị xã Long Mỹ, Tỉnh Hậu Giang', 'longb1410579@student.ctu.edu.vn', '0932877383'),
('B1410580', NULL, NULL, NULL, '3', '25d55ad283aa400af464c76d713c07ad', 'Trần Ngọc Lượng', 'Chưa có', NULL, '2018-03-01', 'Nam', 'Ấp 4 Vĩnh Thuận Đông, Long Mỹ, Hậu Giang', 'luongb1410580@student.ctu.edu.vn', '0982366210'),
('B1410581', NULL, NULL, NULL, '3', '25d55ad283aa400af464c76d713c07ad', 'Trần Trí Mãi', 'Chưa có', NULL, '2018-03-01', 'Nam', 'xã Tân Tiến, huyện Đầm Dơi, tỉnh Cà Mau', 'maib1410581@student.ctu.edu.vn', '0948437942'),
('B1410582', NULL, NULL, NULL, '3', '25d55ad283aa400af464c76d713c07ad', 'Lê Thị Hằng Nga', 'Chưa có', NULL, '2018-03-01', 'Nữ', 'An Hòa , Ninh Kiều , Cần Thơ', 'ngab1410582@student.ctu.edu.vn', '0907317071'),
('B1410584', NULL, NULL, NULL, '3', '25d55ad283aa400af464c76d713c07ad', 'Trần Quốc Nghiêm', 'Chưa có', NULL, '2018-03-01', 'Nam', 'Song Phú, Tam Bình, Vĩnh Long', 'nghiemb1410584@student.ctu.edu.vn', '01627954653'),
('B1410585', NULL, NULL, NULL, '3', '25d55ad283aa400af464c76d713c07ad', 'Nguyễn Thái Ngọc', 'Chưa có', NULL, '2018-03-01', 'Nam', '03 Nam Cao, tp Rạch Giá, Kiên Giang', 'ngocb1410585@student.ctu.edu.vn', '01299833998'),
('B1410587', NULL, NULL, NULL, '3', '25d55ad283aa400af464c76d713c07ad', 'Nguyễn Thị Hạnh Nguyên', 'Chưa có', NULL, '2018-03-01', 'Nữ', 'Mỹ Hưng, Thiện Mỹ, Trà Ôn, Vĩnh Long', 'nguyenb1410587@student.ctu.edu.vn', '01688557918'),
('B1410588', NULL, NULL, NULL, '3', '25d55ad283aa400af464c76d713c07ad', 'Nguyễn Thị Yến Nhi', 'Chưa có', NULL, '2018-03-01', 'Nữ', 'Vị Thnah, Vị Thủy, Hậu Giang', 'nhib1410588@student.ctu.edu.vn', '0925577677'),
('B1410589', NULL, NULL, NULL, '3', '25d55ad283aa400af464c76d713c07ad', 'Tạ Thành Phát', 'Chưa có', NULL, '2018-03-01', 'Nam', 'xã Hòa Mỹ, huyện Phụng Hiệp, tỉnh Hậu Giang', 'phatb1410589@student.ctu.edu.vn', '0939491249'),
('B1410590', NULL, NULL, NULL, '3', '25d55ad283aa400af464c76d713c07ad', 'Lưu Vĩnh Phương', 'Chưa có', NULL, '2018-03-01', 'Nam', '36 đường 30/4 khu vực 2 phường thuận an ,txã Long mỹ', 'phuongb1410590@student.ctu.edu.vn', '01227344632'),
('B1410591', NULL, NULL, NULL, '3', '25d55ad283aa400af464c76d713c07ad', 'Nguyễn Văn Phương', 'Chưa có', NULL, '2018-03-01', 'Nam', 'An Phước Mang Thít Vĩnh Long', 'phuongb1410591@student.ctu.edu.vn', '0907122876'),
('B1410592', NULL, NULL, NULL, '3', '25d55ad283aa400af464c76d713c07ad', 'Thạch Thị Tuyết Phượng', 'Chưa có', NULL, '2018-03-01', 'Nữ', '368/17 tôn đức thắng, khóm 2, phường 5, TP sóc trăng', 'phuongb1410592@student.ctu.edu.vn', '0907302781'),
('B1410593', NULL, NULL, NULL, '3', '25d55ad283aa400af464c76d713c07ad', 'Nguyễn Minh Quân', 'Chưa có', NULL, '2018-03-01', 'Nam', '311 Quang Trung, phường Vĩnh Quang, Rạch Giá, Kiên Giang', 'quanb1410593@student.ctu.edu.vn', '0943060565'),
('B1410594', NULL, NULL, NULL, '3', '25d55ad283aa400af464c76d713c07ad', 'Cao Đức Tài', 'Chưa có', NULL, '2018-03-01', 'Nam', 'Vị Thanh, Vị Thủy, Hậu Giang', 'taib1410594@student.ctu.edu.vn', '01888055435'),
('B1410595', NULL, NULL, NULL, '3', '25d55ad283aa400af464c76d713c07ad', 'Lưu Thanh Tâm', 'Chưa có', NULL, '2018-03-01', 'Nam', 'Hòa Bình,Vĩnh Mỹ,Châu Đốc,An Giang', 'tamb1410595@student.ctu.edu.vn', '0974540403'),
('B1410596', NULL, NULL, NULL, '3', '25d55ad283aa400af464c76d713c07ad', 'Nguyễn Thông Thái', 'Chưa có', NULL, '2018-03-01', 'Nam', 'Đông Phước A, Châu Thành, Hậu Giang', 'thaib1410596@student.ctu.edu.vn', '01627967576'),
('B1410598', NULL, NULL, NULL, '3', '25d55ad283aa400af464c76d713c07ad', 'Đoàn Minh Thoại', 'Chưa có', NULL, '2018-03-01', 'Nam', 'Ấp 7B2,Vị Thanh, Vị Thủy, Hậu Giang', 'thoaib1410598@student.ctu.edu.vn', '0964304551'),
('B1410601', NULL, NULL, NULL, '3', '25d55ad283aa400af464c76d713c07ad', 'Huỳnh Anh Thuận', 'Chưa có', NULL, '2018-03-01', 'Nam', 'Tân Long, Phụng Hiệp, Hậu Giang', 'thuanb1410601@student.ctu.edu.vn', '01869411300'),
('B1410602', NULL, NULL, NULL, '3', '25d55ad283aa400af464c76d713c07ad', 'Nguyễn Khắc Sâm Thương', 'Chưa có', NULL, '2018-03-01', 'Nữ', 'thị xã Ngã Bảy, tỉnh Hậu Giang', 'thuongb1410602@student.ctu.edu.vn', '01263817509'),
('B1410604', NULL, NULL, NULL, '3', '25d55ad283aa400af464c76d713c07ad', 'Nguyễn Văn Tính', 'Chưa có', NULL, '2018-03-01', 'Nam', 'xã vhh nam, H.Gò Quao, T.Kiên Giang', 'tinhb1410604@student.ctu.edu.vn', '01864822717'),
('B1410607', NULL, NULL, NULL, '3', '25d55ad283aa400af464c76d713c07ad', 'Huỳnh Xuân Trúc', 'Chưa có', NULL, '2018-03-01', 'Nam', '112/50 đường 3/2 hưng lợi Ninh kiều TPCT', 'trucb1410607@student.ctu.edu.vn', '01246788767'),
('B1410608', NULL, NULL, NULL, '3', '25d55ad283aa400af464c76d713c07ad', 'Đặng Duy Tuấn', 'Chưa có', NULL, '2018-03-01', 'Nam', 'Xã Hòa An,huyện Phụng Hiệp,tỉnh Hậu Giang', 'tuanb1410608@student.ctu.edu.vn', '0965678447'),
('B1410610', NULL, NULL, NULL, '3', '25d55ad283aa400af464c76d713c07ad', 'Phan Văn Vinh', 'Chưa có', NULL, '2018-03-01', 'Nam', 'Ấp 6, Vị Thủy, Vị Thủy, Hậu Giang', 'vinhb1410610@student.ctu.edu.vn', '01684130512'),
('B1412417', NULL, NULL, NULL, '3', '25d55ad283aa400af464c76d713c07ad', 'Trịnh Nguyễn Tuấn Anh', 'Chưa có', NULL, '2018-03-01', 'Nam', '69/1a vành đai phi trường quận bình thuỷ tp cần thơ', 'anhb1412417@student.ctu.edu.vn', '0917666118'),
('B1412437', NULL, NULL, NULL, '3', '25d55ad283aa400af464c76d713c07ad', 'Trần Thanh Hải', 'Chưa có', NULL, '2018-03-01', 'Nam', 'Phường1, TP.Bạc liêu, Tỉnh Bạc liêu', 'haib1412437@student.ctu.edu.vn', '0948077705'),
('B1412448', NULL, NULL, NULL, '3', '25d55ad283aa400af464c76d713c07ad', 'Phạm Minh Hoàng', 'Chưa có', NULL, '2018-03-01', 'Nam', 'xã Tân Bình, huyện Phụng hiệp, tỉnh Hậu Giang', 'hoangb1412448@student.ctu.edu.vn', '0937607570'),
('B1412449', NULL, NULL, NULL, '3', '25d55ad283aa400af464c76d713c07ad', 'Trần Văn Hòa', 'Chưa có', NULL, '2018-03-01', 'Nam', 'phường 7 ,Vị Thanh Hậu Giang', 'hoab1412449@student.ctu.edu.vn', '0949741664'),
('B1412451', NULL, NULL, NULL, '3', '25d55ad283aa400af464c76d713c07ad', 'Trần Nguyễn Thanh Hùng', 'Chưa có', NULL, '2018-03-01', 'Nam', 'Tân Qưới, Bình Tân, Vĩnh Long', 'hu??ngb1412451@student.ctu.edu.vn', '0919891414'),
('B1412458', NULL, NULL, NULL, '3', '25d55ad283aa400af464c76d713c07ad', 'Lê Hoài Khang', 'Chưa có', NULL, '2018-03-01', 'Nam', 'Phường 3, Tx Ngã 5, Sóc Trăng', 'khangb1412458@student.ctu.edu.vn', '0965523908'),
('B1412459', NULL, NULL, NULL, '3', '25d55ad283aa400af464c76d713c07ad', 'Nguyễn Dương Khang', 'Chưa có', NULL, '2018-03-01', 'Nam', 'xã Ngọc Thuận-huyện Giồng Riềng-tỉnh Kiên Giang', 'khangb1412459@student.ctu.edu.vn', '01296666142'),
('B1412461', NULL, NULL, NULL, '3', '25d55ad283aa400af464c76d713c07ad', 'Huỳnh Thanh Nguyệt Khanh', 'Chưa có', NULL, '2018-03-01', 'Nữ', 'Ô Môn, Cần Thơ', 'khanhb1412461@student.ctu.edu.vn', '01283839313'),
('B1412464', NULL, NULL, NULL, '3', '25d55ad283aa400af464c76d713c07ad', 'Nguyễn Trung Kiên', 'Chưa có', NULL, '2018-03-01', 'Nam', 'Khu đô thị mới Hưng Phú, Cái Răng, Cần Thơ', 'kienb1412464@student.ctu.edu.vn', '0989644999'),
('B1412472', NULL, NULL, NULL, '3', '25d55ad283aa400af464c76d713c07ad', 'Trần Nhật Linh', 'Chưa có', NULL, '2018-03-01', 'Nam', 'Mỹ Cẩm A, Cầu Ngang, Trà Vinh', 'linhb1412472@student.ctu.edu.vn', '01656501686'),
('B1412480', NULL, NULL, NULL, '3', '25d55ad283aa400af464c76d713c07ad', 'Trần Hiếu Nghĩa', 'Chưa có', NULL, '2018-03-01', 'Nam', 'Phương phú-Phụng Hiệp- Hậu Giang', 'nghiab1412480@student.ctu.edu.vn', '0981016941'),
('B1412482', NULL, NULL, NULL, '3', '25d55ad283aa400af464c76d713c07ad', 'Lê Nguyễn Bảo Ngọc', 'Chưa có', NULL, '2018-03-01', 'Nữ', 'Phường An Cư,quận Ninh Kiều,Tp.Cần Thơ', 'ngocb1412482@student.ctu.edu.vn', '01296473423'),
('B1412489', NULL, NULL, NULL, '3', '25d55ad283aa400af464c76d713c07ad', 'Mai Thị Yến Nhi', 'Chưa có', NULL, '1996-09-18', 'Nữ', 'Cần Thơ', 'nhib1412489@student.ctu.edu.vn', '090123456789'),
('B1412516', NULL, NULL, NULL, '3', '25d55ad283aa400af464c76d713c07ad', 'Võ Nhựt Thanh', 'Chưa có', NULL, '2018-03-01', 'Nam', 'xã Tân Long, huyên Phụng Hiệp, tỉnh Hậu Giang', 'thanhb1412516@student.ctu.edu.vn', '0962406158'),
('B1412519', NULL, NULL, NULL, '3', '25d55ad283aa400af464c76d713c07ad', 'Lê Trí Thành', 'Chưa có', NULL, '1996-12-30', 'Nam', 'Ninh Kiều, Cần Thơ', 'thanhb1412519@student.ctu.edu.vn', '016123345678'),
('B1412520', NULL, NULL, NULL, '3', '25d55ad283aa400af464c76d713c07ad', 'Võ Minh Thành', 'Chưa có', NULL, '2018-03-01', 'Nam', 'Phước Mỹ Trung, Mỏ Cày Bắc, Bến Tre', 'thanhb1412520@student.ctu.edu.vn', '098709607'),
('B1412524', NULL, NULL, NULL, '3', '25d55ad283aa400af464c76d713c07ad', 'Cao Thanh Thi', '', NULL, '1996-08-26', 'Nam', 'Khóm 3, Cái Nhum, Mang Thít, Vĩnh Long', 'thib1412524@student.ctu.edu.vn', '0908476219'),
('B1412559', NULL, NULL, NULL, '3', '25d55ad283aa400af464c76d713c07ad', 'Trương Hoàng Vương', 'Chưa có', NULL, '2018-03-01', 'Nam', '111 X.Đa Phước, H.An Phú, T.An Giang', 'vuongb1412559@student.ctu.edu.vn', '01214266852'),
('B1414250', NULL, NULL, NULL, '3', '25d55ad283aa400af464c76d713c07ad', 'Dương Ngọc đông Quỳnh', 'Chưa có', NULL, '2018-03-01', 'Nữ', '246/18h/1b đường Tầm Vu Phường Hưng Lợi Q. Ninh Kiều TPCT', 'quynhb14142509@student.ctu.edu.vn', '012878847191');

-- --------------------------------------------------------

--
-- Cấu trúc bảng cho bảng `sv_thuoc_nhom_hp`
--

CREATE TABLE `sv_thuoc_nhom_hp` (
  `TAIKHOAN_USER` varchar(8) COLLATE utf8mb4_vietnamese_ci NOT NULL,
  `ID_NHOM_HP` decimal(11,0) NOT NULL
) ENGINE=InnoDB DEFAULT CHARSET=utf8mb4 COLLATE=utf8mb4_vietnamese_ci;

--
-- Đang đổ dữ liệu cho bảng `sv_thuoc_nhom_hp`
--

INSERT INTO `sv_thuoc_nhom_hp` (`TAIKHOAN_USER`, `ID_NHOM_HP`) VALUES
('B1410557', '3'),
('B1410557', '15'),
('B1410558', '3'),
('B1410560', '3'),
('B1410561', '3'),
('B1410562', '3'),
('B1410563', '3'),
('B1410564', '3'),
('B1410566', '3'),
('B1410570', '3'),
('B1410571', '3'),
('B1410572', '3'),
('B1410573', '3'),
('B1410573', '15'),
('B1410575', '3'),
('B1410576', '3'),
('B1410577', '3'),
('B1410578', '3'),
('B1410579', '3'),
('B1410580', '3'),
('B1410581', '3'),
('B1410582', '3'),
('B1410584', '3'),
('B1410585', '3'),
('B1410587', '3'),
('B1410588', '3'),
('B1410589', '3'),
('B1410590', '3'),
('B1410591', '3'),
('B1410592', '3'),
('B1410593', '3'),
('B1410594', '3'),
('B1410595', '3'),
('B1410596', '3'),
('B1410598', '3'),
('B1410601', '3'),
('B1410602', '3'),
('B1410604', '3'),
('B1410607', '3'),
('B1410608', '3'),
('B1410610', '3'),
('B1412417', '3'),
('B1412437', '3'),
('B1412448', '3'),
('B1412449', '3'),
('B1412451', '3'),
('B1412458', '3'),
('B1412459', '3'),
('B1412461', '3'),
('B1412464', '3'),
('B1412472', '3'),
('B1412480', '3'),
('B1412482', '3'),
('B1412489', '15'),
('B1412516', '3'),
('B1412519', '15'),
('B1412520', '3'),
('B1412524', '3'),
('B1412524', '15'),
('B1412559', '3'),
('B1414250', '3');

-- --------------------------------------------------------

--
-- Cấu trúc bảng cho bảng `tiet_hoc`
--

CREATE TABLE `tiet_hoc` (
  `ID_TIET` decimal(2,0) NOT NULL,
  `GIO_BD` time DEFAULT NULL,
  `GIO_KT` time DEFAULT NULL
) ENGINE=InnoDB DEFAULT CHARSET=utf8mb4 COLLATE=utf8mb4_vietnamese_ci;

--
-- Đang đổ dữ liệu cho bảng `tiet_hoc`
--

INSERT INTO `tiet_hoc` (`ID_TIET`, `GIO_BD`, `GIO_KT`) VALUES
('1', '07:00:00', '07:45:00'),
('2', '07:45:00', '08:30:00'),
('3', '08:30:00', '09:15:00'),
('4', '09:15:00', '10:00:00'),
('5', '10:15:00', '11:00:00'),
('6', '13:30:00', '14:15:00'),
('7', '14:15:00', '15:00:00'),
('8', '15:00:00', '15:45:00'),
('9', '15:45:00', '16:30:00'),
('10', '16:30:00', '17:15:00'),
('11', '18:00:00', '18:45:00'),
('12', '18:45:00', '19:30:00'),
('13', '19:30:00', '20:15:00'),
('14', '20:15:00', '21:00:00'),
('15', '21:00:00', '21:45:00');

-- --------------------------------------------------------

--
-- Cấu trúc bảng cho bảng `tuan`
--

CREATE TABLE `tuan` (
  `ID_TUAN` decimal(2,0) NOT NULL
) ENGINE=InnoDB DEFAULT CHARSET=utf8mb4 COLLATE=utf8mb4_vietnamese_ci;

--
-- Đang đổ dữ liệu cho bảng `tuan`
--

INSERT INTO `tuan` (`ID_TUAN`) VALUES
('1'),
('2'),
('3'),
('4'),
('5'),
('6'),
('7'),
('8'),
('9'),
('10'),
('11'),
('12'),
('13'),
('14'),
('15'),
('16'),
('17'),
('18'),
('19'),
('20');

-- --------------------------------------------------------

--
-- Cấu trúc bảng cho bảng `user`
--

CREATE TABLE `user` (
  `TAIKHOAN_USER` varchar(8) COLLATE utf8mb4_vietnamese_ci NOT NULL,
  `ID_QUYEN` decimal(1,0) NOT NULL,
  `PASSWORD_USER` varchar(100) COLLATE utf8mb4_vietnamese_ci DEFAULT NULL,
  `HOTEN_USER` varchar(100) COLLATE utf8mb4_vietnamese_ci DEFAULT NULL,
  `MATHE_USER` varchar(20) COLLATE utf8mb4_vietnamese_ci DEFAULT NULL,
  `HINH_USER` varchar(400) COLLATE utf8mb4_vietnamese_ci DEFAULT NULL,
  `NGAY_SINH` date DEFAULT NULL,
  `GIOI_TINH` varchar(5) COLLATE utf8mb4_vietnamese_ci DEFAULT NULL,
  `DIA_CHI` varchar(400) COLLATE utf8mb4_vietnamese_ci DEFAULT NULL,
  `EMAIL` varchar(100) COLLATE utf8mb4_vietnamese_ci DEFAULT NULL,
  `SO_DT` varchar(15) COLLATE utf8mb4_vietnamese_ci DEFAULT NULL
) ENGINE=InnoDB DEFAULT CHARSET=utf8mb4 COLLATE=utf8mb4_vietnamese_ci;

--
-- Đang đổ dữ liệu cho bảng `user`
--

INSERT INTO `user` (`TAIKHOAN_USER`, `ID_QUYEN`, `PASSWORD_USER`, `HOTEN_USER`, `MATHE_USER`, `HINH_USER`, `NGAY_SINH`, `GIOI_TINH`, `DIA_CHI`, `EMAIL`, `SO_DT`) VALUES
('admin', '1', '25d55ad283aa400af464c76d713c07ad', 'Nguyễn Văn A', NULL, NULL, NULL, NULL, NULL, NULL, NULL),
('B1410557', '3', '25d55ad283aa400af464c76d713c07ad', 'Phạm Nguyễn Trường An', 'Chưa có', NULL, '1996-02-10', 'Nam', 'Cần Thơ', 'anb1410557@student.ctu.edu.vn', '0979837717'),
('B1410558', '3', '25d55ad283aa400af464c76d713c07ad', 'Nguyễn Thị Kiều Anh', 'Chưa có', NULL, '2018-03-01', 'Nữ', 'Xã Đông Thạnh, Châu Thành, Hậu Giang', 'anhb1410558@student.ctu.edu.vn', '1633613576'),
('B1410560', '3', '25d55ad283aa400af464c76d713c07ad', 'Huỳnh Thị Bính', 'Chưa có', NULL, '2018-03-01', 'Nữ', 'xã Phong thạnh -Giá Rai- Bạc Liêu', 'binhb1410560@student.ctu.edu.vn', '1259795900'),
('B1410561', '3', '25d55ad283aa400af464c76d713c07ad', 'Phạm Huỳnh Tuấn Cảnh', 'Chưa có', NULL, '2018-03-01', 'Nam', 'Phú Hữu Tây, Phú Thịnh, Tam Bình, Vĩnh Long', 'canhb1410561@student.ctu.edu.vn', '1206720416'),
('B1410562', '3', '25d55ad283aa400af464c76d713c07ad', 'Trần Văn Cảnh', 'Chưa có', NULL, '2018-03-01', 'Nam', 'Vị Bình,Vị Thủy, Hậu Giang', 'canhb1410562@student.ctu.edu.vn', '0939610043'),
('B1410563', '3', '25d55ad283aa400af464c76d713c07ad', 'Dương Ngọc Kim Chi', 'Chưa có', NULL, '2018-03-01', 'Nữ', 'thành phố Sóc Trăng', 'chib1410563@student.ctu.edu.vn', '01675864252'),
('B1410564', '3', '25d55ad283aa400af464c76d713c07ad', 'Bùi Công Đạt', 'Chưa có', NULL, '2018-03-01', 'Nam', 'Xã Tân Thạnh, Huyện Thới Lai, TPCT', 'datb1410564@student.ctu.edu.vn', '0915517772'),
('B1410566', '3', '25d55ad283aa400af464c76d713c07ad', 'Lê Dương Khánh Duy', 'Chưa có', NULL, '1996-05-09', 'Nam', 'trường long tây, châu thành a, hậu giang', 'duyb1410566@student.ctu.edu.vn', '0932875234'),
('B1410570', '3', '25d55ad283aa400af464c76d713c07ad', 'Nguyễn Hoàng Kha', 'Chưa có', NULL, '2018-03-01', 'Nam', 'Trường Phú ,Trường Thắng, Thới Lai, TPCT', 'khab1410570@student.ctu.edu.vn', '01208307326'),
('B1410571', '3', '25d55ad283aa400af464c76d713c07ad', 'Lê Vũ Khanh', 'Chưa có', NULL, '2018-03-01', 'Nam', 'TT.Kinh Cùng, H.Phụng Hiệp, Hậu Giang', 'khanhb1410571@student.ctu.edu.vn', '01214941230'),
('B1410572', '3', '25d55ad283aa400af464c76d713c07ad', 'Phạm Duy Khánh', 'Chưa có', NULL, '2018-03-01', 'Nam', '023/1 KV Thạnh Mỹ, Quận Cái Răng , TP Cần Thơ', 'khanhb1410572@student.ctu.edu.vn', '01694615516'),
('B1410573', '3', '25d55ad283aa400af464c76d713c07ad', 'Hồ Ngọc Đăng Khoa', 'Chưa có', 'b1410573.png', '1996-06-16', 'Nam', 'Trà Ôn, Vĩnh Long', 'khoab1410573@student.ctu.edu.vn', '016123456789'),
('B1410575', '3', '25d55ad283aa400af464c76d713c07ad', 'Trương Thị Thanh Lam', 'Chưa có', NULL, '2018-03-01', 'Nữ', 'Rạch Sỏi, Rạch Giá, Kiên Giang', 'lamb1410575@student.ctu.edu.vn', '0945540674'),
('B1410576', '3', '25d55ad283aa400af464c76d713c07ad', 'Bùi Hữu Lộc', 'Chưa có', NULL, '2018-03-01', 'Nam', 'Xã Thạnh Xuân, Châu Thành A, Hậu Giang', 'locb1410576@student.ctu.edu.vn', '01214990975'),
('B1410577', '3', '25d55ad283aa400af464c76d713c07ad', 'Trần Bảo Lộc', 'Chưa có', NULL, '2018-03-01', 'Nam', 'Ngọc Tố, Mỹ Xuyên, Sóc Trăng', 'locb1410577@student.ctu.edu.vn', '0966839919'),
('B1410578', '3', '25d55ad283aa400af464c76d713c07ad', 'Phan Vạn Lợi', 'Chưa có', NULL, '2018-03-01', 'Nam', 'Ngọc Chánh , Đầm Dơi, Cà Mau', 'loib1410578@student.ctu.edu.vn', '0943190512'),
('B1410579', '3', '25d55ad283aa400af464c76d713c07ad', 'Nguyễn Hoàng Long', 'Chưa có', NULL, '2018-03-01', 'Nam', 'thị xã Long Mỹ, Tỉnh Hậu Giang', 'longb1410579@student.ctu.edu.vn', '0932877383'),
('B1410580', '3', '25d55ad283aa400af464c76d713c07ad', 'Trần Ngọc Lượng', 'Chưa có', NULL, '2018-03-01', 'Nam', 'Ấp 4 Vĩnh Thuận Đông, Long Mỹ, Hậu Giang', 'luongb1410580@student.ctu.edu.vn', '0982366210'),
('B1410581', '3', '25d55ad283aa400af464c76d713c07ad', 'Trần Trí Mãi', 'Chưa có', NULL, '2018-03-01', 'Nam', 'xã Tân Tiến, huyện Đầm Dơi, tỉnh Cà Mau', 'maib1410581@student.ctu.edu.vn', '0948437942'),
('B1410582', '3', '25d55ad283aa400af464c76d713c07ad', 'Lê Thị Hằng Nga', 'Chưa có', NULL, '2018-03-01', 'Nữ', 'An Hòa , Ninh Kiều , Cần Thơ', 'ngab1410582@student.ctu.edu.vn', '0907317071'),
('B1410584', '3', '25d55ad283aa400af464c76d713c07ad', 'Trần Quốc Nghiêm', 'Chưa có', NULL, '2018-03-01', 'Nam', 'Song Phú, Tam Bình, Vĩnh Long', 'nghiemb1410584@student.ctu.edu.vn', '01627954653'),
('B1410585', '3', '25d55ad283aa400af464c76d713c07ad', 'Nguyễn Thái Ngọc', 'Chưa có', NULL, '2018-03-01', 'Nam', '03 Nam Cao, tp Rạch Giá, Kiên Giang', 'ngocb1410585@student.ctu.edu.vn', '01299833998'),
('B1410587', '3', '25d55ad283aa400af464c76d713c07ad', 'Nguyễn Thị Hạnh Nguyên', 'Chưa có', NULL, '2018-03-01', 'Nữ', 'Mỹ Hưng, Thiện Mỹ, Trà Ôn, Vĩnh Long', 'nguyenb1410587@student.ctu.edu.vn', '01688557918'),
('B1410588', '3', '25d55ad283aa400af464c76d713c07ad', 'Nguyễn Thị Yến Nhi', 'Chưa có', NULL, '2018-03-01', 'Nữ', 'Vị Thnah, Vị Thủy, Hậu Giang', 'nhib1410588@student.ctu.edu.vn', '0925577677'),
('B1410589', '3', '25d55ad283aa400af464c76d713c07ad', 'Tạ Thành Phát', 'Chưa có', NULL, '2018-03-01', 'Nam', 'xã Hòa Mỹ, huyện Phụng Hiệp, tỉnh Hậu Giang', 'phatb1410589@student.ctu.edu.vn', '0939491249'),
('B1410590', '3', '25d55ad283aa400af464c76d713c07ad', 'Lưu Vĩnh Phương', 'Chưa có', NULL, '2018-03-01', 'Nam', '36 đường 30/4 khu vực 2 phường thuận an ,txã Long mỹ', 'phuongb1410590@student.ctu.edu.vn', '01227344632'),
('B1410591', '3', '25d55ad283aa400af464c76d713c07ad', 'Nguyễn Văn Phương', 'Chưa có', NULL, '2018-03-01', 'Nam', 'An Phước Mang Thít Vĩnh Long', 'phuongb1410591@student.ctu.edu.vn', '0907122876'),
('B1410592', '3', '25d55ad283aa400af464c76d713c07ad', 'Thạch Thị Tuyết Phượng', 'Chưa có', NULL, '2018-03-01', 'Nữ', '368/17 tôn đức thắng, khóm 2, phường 5, TP sóc trăng', 'phuongb1410592@student.ctu.edu.vn', '0907302781'),
('B1410593', '3', '25d55ad283aa400af464c76d713c07ad', 'Nguyễn Minh Quân', 'Chưa có', NULL, '2018-03-01', 'Nam', '311 Quang Trung, phường Vĩnh Quang, Rạch Giá, Kiên Giang', 'quanb1410593@student.ctu.edu.vn', '0943060565'),
('B1410594', '3', '25d55ad283aa400af464c76d713c07ad', 'Cao Đức Tài', 'Chưa có', NULL, '2018-03-01', 'Nam', 'Vị Thanh, Vị Thủy, Hậu Giang', 'taib1410594@student.ctu.edu.vn', '01888055435'),
('B1410595', '3', '25d55ad283aa400af464c76d713c07ad', 'Lưu Thanh Tâm', 'Chưa có', NULL, '2018-03-01', 'Nam', 'Hòa Bình,Vĩnh Mỹ,Châu Đốc,An Giang', 'tamb1410595@student.ctu.edu.vn', '0974540403'),
('B1410596', '3', '25d55ad283aa400af464c76d713c07ad', 'Nguyễn Thông Thái', 'Chưa có', NULL, '2018-03-01', 'Nam', 'Đông Phước A, Châu Thành, Hậu Giang', 'thaib1410596@student.ctu.edu.vn', '01627967576'),
('B1410598', '3', '25d55ad283aa400af464c76d713c07ad', 'Đoàn Minh Thoại', 'Chưa có', NULL, '2018-03-01', 'Nam', 'Ấp 7B2,Vị Thanh, Vị Thủy, Hậu Giang', 'thoaib1410598@student.ctu.edu.vn', '0964304551'),
('B1410601', '3', '25d55ad283aa400af464c76d713c07ad', 'Huỳnh Anh Thuận', 'Chưa có', NULL, '2018-03-01', 'Nam', 'Tân Long, Phụng Hiệp, Hậu Giang', 'thuanb1410601@student.ctu.edu.vn', '01869411300'),
('B1410602', '3', '25d55ad283aa400af464c76d713c07ad', 'Nguyễn Khắc Sâm Thương', 'Chưa có', NULL, '2018-03-01', 'Nữ', 'thị xã Ngã Bảy, tỉnh Hậu Giang', 'thuongb1410602@student.ctu.edu.vn', '01263817509'),
('B1410604', '3', '25d55ad283aa400af464c76d713c07ad', 'Nguyễn Văn Tính', 'Chưa có', NULL, '2018-03-01', 'Nam', 'xã vhh nam, H.Gò Quao, T.Kiên Giang', 'tinhb1410604@student.ctu.edu.vn', '01864822717'),
('B1410607', '3', '25d55ad283aa400af464c76d713c07ad', 'Huỳnh Xuân Trúc', 'Chưa có', NULL, '2018-03-01', 'Nam', '112/50 đường 3/2 hưng lợi Ninh kiều TPCT', 'trucb1410607@student.ctu.edu.vn', '01246788767'),
('B1410608', '3', '25d55ad283aa400af464c76d713c07ad', 'Đặng Duy Tuấn', 'Chưa có', NULL, '2018-03-01', 'Nam', 'Xã Hòa An,huyện Phụng Hiệp,tỉnh Hậu Giang', 'tuanb1410608@student.ctu.edu.vn', '0965678447'),
('B1410610', '3', '25d55ad283aa400af464c76d713c07ad', 'Phan Văn Vinh', 'Chưa có', NULL, '2018-03-01', 'Nam', 'Ấp 6, Vị Thủy, Vị Thủy, Hậu Giang', 'vinhb1410610@student.ctu.edu.vn', '01684130512'),
('B1412417', '3', '25d55ad283aa400af464c76d713c07ad', 'Trịnh Nguyễn Tuấn Anh', 'Chưa có', NULL, '2018-03-01', 'Nam', '69/1a vành đai phi trường quận bình thuỷ tp cần thơ', 'anhb1412417@student.ctu.edu.vn', '0917666118'),
('B1412437', '3', '25d55ad283aa400af464c76d713c07ad', 'Trần Thanh Hải', 'Chưa có', NULL, '2018-03-01', 'Nam', 'Phường1, TP.Bạc liêu, Tỉnh Bạc liêu', 'haib1412437@student.ctu.edu.vn', '0948077705'),
('B1412448', '3', '25d55ad283aa400af464c76d713c07ad', 'Phạm Minh Hoàng', 'Chưa có', NULL, '2018-03-01', 'Nam', 'xã Tân Bình, huyện Phụng hiệp, tỉnh Hậu Giang', 'hoangb1412448@student.ctu.edu.vn', '0937607570'),
('B1412449', '3', '25d55ad283aa400af464c76d713c07ad', 'Trần Văn Hòa', 'Chưa có', NULL, '2018-03-01', 'Nam', 'phường 7 ,Vị Thanh Hậu Giang', 'hoab1412449@student.ctu.edu.vn', '0949741664'),
('B1412451', '3', '25d55ad283aa400af464c76d713c07ad', 'Trần Nguyễn Thanh Hùng', 'Chưa có', NULL, '2018-03-01', 'Nam', 'Tân Qưới, Bình Tân, Vĩnh Long', 'hu??ngb1412451@student.ctu.edu.vn', '0919891414'),
('B1412458', '3', '25d55ad283aa400af464c76d713c07ad', 'Lê Hoài Khang', 'Chưa có', NULL, '2018-03-01', 'Nam', 'Phường 3, Tx Ngã 5, Sóc Trăng', 'khangb1412458@student.ctu.edu.vn', '0965523908'),
('B1412459', '3', '25d55ad283aa400af464c76d713c07ad', 'Nguyễn Dương Khang', 'Chưa có', NULL, '2018-03-01', 'Nam', 'xã Ngọc Thuận-huyện Giồng Riềng-tỉnh Kiên Giang', 'khangb1412459@student.ctu.edu.vn', '01296666142'),
('B1412461', '3', '25d55ad283aa400af464c76d713c07ad', 'Huỳnh Thanh Nguyệt Khanh', 'Chưa có', NULL, '2018-03-01', 'Nữ', 'Ô Môn, Cần Thơ', 'khanhb1412461@student.ctu.edu.vn', '01283839313'),
('B1412464', '3', '25d55ad283aa400af464c76d713c07ad', 'Nguyễn Trung Kiên', 'Chưa có', NULL, '2018-03-01', 'Nam', 'Khu đô thị mới Hưng Phú, Cái Răng, Cần Thơ', 'kienb1412464@student.ctu.edu.vn', '0989644999'),
('B1412472', '3', '25d55ad283aa400af464c76d713c07ad', 'Trần Nhật Linh', 'Chưa có', NULL, '2018-03-01', 'Nam', 'Mỹ Cẩm A, Cầu Ngang, Trà Vinh', 'linhb1412472@student.ctu.edu.vn', '01656501686'),
('B1412480', '3', '25d55ad283aa400af464c76d713c07ad', 'Trần Hiếu Nghĩa', 'Chưa có', NULL, '2018-03-01', 'Nam', 'Phương phú-Phụng Hiệp- Hậu Giang', 'nghiab1412480@student.ctu.edu.vn', '0981016941'),
('B1412482', '3', '25d55ad283aa400af464c76d713c07ad', 'Lê Nguyễn Bảo Ngọc', 'Chưa có', NULL, '2018-03-01', 'Nữ', 'Phường An Cư,quận Ninh Kiều,Tp.Cần Thơ', 'ngocb1412482@student.ctu.edu.vn', '01296473423'),
('B1412489', '3', '25d55ad283aa400af464c76d713c07ad', 'Mai Thị Yến Nhi', 'Chưa có', NULL, '1996-09-18', 'Nữ', 'Cần Thơ', 'nhib1412489@student.ctu.edu.vn', '090123456789'),
('B1412516', '3', '25d55ad283aa400af464c76d713c07ad', 'Võ Nhựt Thanh', 'Chưa có', NULL, '2018-03-01', 'Nam', 'xã Tân Long, huyên Phụng Hiệp, tỉnh Hậu Giang', 'thanhb1412516@student.ctu.edu.vn', '0962406158'),
('B1412519', '3', '25d55ad283aa400af464c76d713c07ad', 'Lê Trí Thành', 'Chưa có', NULL, '1996-12-30', 'Nam', 'Ninh Kiều, Cần Thơ', 'thanhb1412519@student.ctu.edu.vn', '016123345678'),
('B1412520', '3', '25d55ad283aa400af464c76d713c07ad', 'Võ Minh Thành', 'Chưa có', NULL, '2018-03-01', 'Nam', 'Phước Mỹ Trung, Mỏ Cày Bắc, Bến Tre', 'thanhb1412520@student.ctu.edu.vn', '098709607'),
('B1412524', '3', '25d55ad283aa400af464c76d713c07ad', 'Cao Thanh Thi', '1454887840', NULL, '1996-08-26', 'Nam', 'Khóm 3, Cái Nhum, Mang Thít, Vĩnh Long', 'thib1412524@student.ctu.edu.vn', '0908476219'),
('B1412559', '3', '25d55ad283aa400af464c76d713c07ad', 'Trương Hoàng Vương', 'Chưa có', NULL, '2018-03-01', 'Nam', '111 X.Đa Phước, H.An Phú, T.An Giang', 'vuongb1412559@student.ctu.edu.vn', '01214266852'),
('B1414250', '3', '25d55ad283aa400af464c76d713c07ad', 'Dương Ngọc đông Quỳnh', 'Chưa có', NULL, '2018-03-01', 'Nữ', '246/18h/1b đường Tầm Vu Phường Hưng Lợi Q. Ninh Kiều TPCT', 'quynhb14142509@student.ctu.edu.vn', '012878847191'),
('CB0001', '2', '25d55ad283aa400af464c76d713c07ad', 'Nguyễn Ngọc Mỹ', 'Chưa có', 'cb0001.png', '1986-09-09', 'Nam', 'An Giang', 'nnmy@ctu.edu.vn', '0976727098'),
('CB0002', '2', '25d55ad283aa400af464c76d713c07ad', 'Phạm Thế Phi', 'Chưa có', 'cb0002.png', '1980-01-01', 'Nam', 'Cần Thơ', 'ptphi@ctu.edu.vn', 'Không biết'),
('CB0003', '2', '25d55ad283aa400af464c76d713c07ad', 'Lâm Nhựt Khang', 'Chưa có', NULL, '1980-11-11', 'Nữ', 'Cần Thơ', 'lnkhang@ctu.edu.vn', 'Không biết'),
('CB0004', '2', '25d55ad283aa400af464c76d713c07ad', 'Bùi Minh Quân', 'Chưa có', NULL, '1980-01-01', 'Nam', 'Cần Thơ', 'bmqu??n@ctu.edu.vn', 'Không biết'),
('CB0005', '2', '25d55ad283aa400af464c76d713c07ad', 'Trần Công Án', 'Chưa có', NULL, '1980-01-01', 'Nam', 'Cần Thơ', 'tc??n@ctu.edu.vn', 'Không biết'),
('CB0006', '2', '25d55ad283aa400af464c76d713c07ad', 'Ngô Bá Hùng', 'Chưa có', NULL, '1980-01-01', 'Nam', 'Cần Thơ', 'nbhung@ctu.edu.vn', 'Không biết'),
('CB0007', '2', '25d55ad283aa400af464c76d713c07ad', 'Nguyễn Hữu Vân Long', 'Chưa có', NULL, '1980-01-01', 'Nam', 'Cần Thơ', 'nhvlong@ctu.edu.vn', 'Không có'),
('CB0008', '2', '25d55ad283aa400af464c76d713c07ad', 'Trần Việt Châu', 'Chưa có', NULL, '1980-01-01', 'Nam', 'Cần Thơ', 'tvchau@ctu.edu.vn', 'Không biết');

--
-- Chỉ mục cho các bảng đã đổ
--

--
-- Chỉ mục cho bảng `bo_mon`
--
ALTER TABLE `bo_mon`
  ADD PRIMARY KEY (`ID_BO_MON`),
  ADD KEY `FK_BO_MON_CUA_KHOA` (`ID_KHOA`);

--
-- Chỉ mục cho bảng `chuong_trinh_dao_tao`
--
ALTER TABLE `chuong_trinh_dao_tao`
  ADD PRIMARY KEY (`MA_MH`,`ID_NGANH`),
  ADD KEY `FK_CTDT_CUA_NGANH` (`ID_NGANH`);

--
-- Chỉ mục cho bảng `danh_sach_diem_danh`
--
ALTER TABLE `danh_sach_diem_danh`
  ADD UNIQUE KEY `ID_LH` (`ID_LH`,`TAIKHOAN_USER`),
  ADD KEY `FK_DSDD_CUA_LICHHOC` (`ID_LH`),
  ADD KEY `FK_DSDD_CUA_SINHVIEN` (`TAIKHOAN_USER`);

--
-- Chỉ mục cho bảng `giao_vien`
--
ALTER TABLE `giao_vien`
  ADD PRIMARY KEY (`TAIKHOAN_USER`),
  ADD KEY `FK_GIAOVIEN_CUA_BOMON` (`ID_BO_MON`);

--
-- Chỉ mục cho bảng `hocky_namhoc`
--
ALTER TABLE `hocky_namhoc`
  ADD PRIMARY KEY (`ID_HKNH`);

--
-- Chỉ mục cho bảng `khoa`
--
ALTER TABLE `khoa`
  ADD PRIMARY KEY (`ID_KHOA`);

--
-- Chỉ mục cho bảng `lich_hoc`
--
ALTER TABLE `lich_hoc`
  ADD PRIMARY KEY (`ID_LH`),
  ADD KEY `FK_LICH_HOC_CUA_NHOM_HP` (`ID_NHOM_HP`),
  ADD KEY `FK_PHONG_CUA_LICH_HOC` (`ID_PHONG`),
  ADD KEY `FK_TIET_BD_CUA_LH` (`ID_TIET`),
  ADD KEY `FK_TUAN_CUA_LH` (`ID_TUAN`);

--
-- Chỉ mục cho bảng `lop`
--
ALTER TABLE `lop`
  ADD PRIMARY KEY (`MA_LOP`),
  ADD KEY `FK_LOP_CUA_GIAOVIEN` (`TAIKHOAN_USER`);

--
-- Chỉ mục cho bảng `mon_hoc`
--
ALTER TABLE `mon_hoc`
  ADD PRIMARY KEY (`MA_MH`);

--
-- Chỉ mục cho bảng `nganh`
--
ALTER TABLE `nganh`
  ADD PRIMARY KEY (`ID_NGANH`);

--
-- Chỉ mục cho bảng `nganh_thuoc_khoa`
--
ALTER TABLE `nganh_thuoc_khoa`
  ADD PRIMARY KEY (`ID_NGANH`,`ID_KHOA`),
  ADD KEY `FK_NGANH_CUA_KHOA` (`ID_KHOA`);

--
-- Chỉ mục cho bảng `nhom_hp`
--
ALTER TABLE `nhom_hp`
  ADD PRIMARY KEY (`ID_NHOM_HP`),
  ADD KEY `FK_GV_DAY_NHOM_HP` (`TAIKHOAN_USER`),
  ADD KEY `FK_HKNH_CUA_NHOM_HP` (`ID_HKNH`),
  ADD KEY `FK_NHOM_HP_CUA_MONHOC` (`MA_MH`);

--
-- Chỉ mục cho bảng `phong`
--
ALTER TABLE `phong`
  ADD PRIMARY KEY (`ID_PHONG`);

--
-- Chỉ mục cho bảng `quan_ly`
--
ALTER TABLE `quan_ly`
  ADD PRIMARY KEY (`TAIKHOAN_USER`);

--
-- Chỉ mục cho bảng `quyen`
--
ALTER TABLE `quyen`
  ADD PRIMARY KEY (`ID_QUYEN`);

--
-- Chỉ mục cho bảng `sinh_vien`
--
ALTER TABLE `sinh_vien`
  ADD PRIMARY KEY (`TAIKHOAN_USER`),
  ADD KEY `FK_LOP_CUA_SINHVIEN` (`MA_LOP`),
  ADD KEY `FK_NGANH_CUA_SINHVIEN` (`ID_NGANH`,`ID_KHOA`);

--
-- Chỉ mục cho bảng `sv_thuoc_nhom_hp`
--
ALTER TABLE `sv_thuoc_nhom_hp`
  ADD PRIMARY KEY (`TAIKHOAN_USER`,`ID_NHOM_HP`),
  ADD KEY `FK_SV_THUOC_NHOM_HP2` (`ID_NHOM_HP`);

--
-- Chỉ mục cho bảng `tiet_hoc`
--
ALTER TABLE `tiet_hoc`
  ADD PRIMARY KEY (`ID_TIET`);

--
-- Chỉ mục cho bảng `tuan`
--
ALTER TABLE `tuan`
  ADD PRIMARY KEY (`ID_TUAN`);

--
-- Chỉ mục cho bảng `user`
--
ALTER TABLE `user`
  ADD PRIMARY KEY (`TAIKHOAN_USER`),
  ADD KEY `FK_QUYEN_USER` (`ID_QUYEN`);

--
-- Các ràng buộc cho các bảng đã đổ
--

--
-- Các ràng buộc cho bảng `bo_mon`
--
ALTER TABLE `bo_mon`
  ADD CONSTRAINT `FK_BO_MON_CUA_KHOA` FOREIGN KEY (`ID_KHOA`) REFERENCES `khoa` (`ID_KHOA`) ON DELETE CASCADE ON UPDATE CASCADE;

--
-- Các ràng buộc cho bảng `chuong_trinh_dao_tao`
--
ALTER TABLE `chuong_trinh_dao_tao`
  ADD CONSTRAINT `FK_CTDT_CUA_NGANH` FOREIGN KEY (`ID_NGANH`) REFERENCES `nganh` (`ID_NGANH`) ON DELETE CASCADE ON UPDATE CASCADE,
  ADD CONSTRAINT `FK_MON_HOC_THUOC_CTDT` FOREIGN KEY (`MA_MH`) REFERENCES `mon_hoc` (`MA_MH`) ON DELETE CASCADE ON UPDATE CASCADE;

--
-- Các ràng buộc cho bảng `danh_sach_diem_danh`
--
ALTER TABLE `danh_sach_diem_danh`
  ADD CONSTRAINT `FK_DSDD_CUA_LICHHOC` FOREIGN KEY (`ID_LH`) REFERENCES `lich_hoc` (`ID_LH`) ON DELETE CASCADE ON UPDATE CASCADE,
  ADD CONSTRAINT `FK_DSDD_CUA_SINHVIEN` FOREIGN KEY (`TAIKHOAN_USER`) REFERENCES `sinh_vien` (`TAIKHOAN_USER`) ON DELETE CASCADE ON UPDATE CASCADE;

--
-- Các ràng buộc cho bảng `giao_vien`
--
ALTER TABLE `giao_vien`
  ADD CONSTRAINT `FK_GIAOVIEN_CUA_BOMON` FOREIGN KEY (`ID_BO_MON`) REFERENCES `bo_mon` (`ID_BO_MON`) ON DELETE CASCADE ON UPDATE CASCADE,
  ADD CONSTRAINT `FK_INHERITANCE_2` FOREIGN KEY (`TAIKHOAN_USER`) REFERENCES `user` (`TAIKHOAN_USER`) ON DELETE CASCADE ON UPDATE CASCADE;

--
-- Các ràng buộc cho bảng `lich_hoc`
--
ALTER TABLE `lich_hoc`
  ADD CONSTRAINT `FK_LICH_HOC_CUA_NHOM_HP` FOREIGN KEY (`ID_NHOM_HP`) REFERENCES `nhom_hp` (`ID_NHOM_HP`) ON DELETE CASCADE ON UPDATE CASCADE,
  ADD CONSTRAINT `FK_PHONG_CUA_LICH_HOC` FOREIGN KEY (`ID_PHONG`) REFERENCES `phong` (`ID_PHONG`) ON DELETE CASCADE ON UPDATE CASCADE,
  ADD CONSTRAINT `FK_TIET_BD_CUA_LH` FOREIGN KEY (`ID_TIET`) REFERENCES `tiet_hoc` (`ID_TIET`) ON DELETE CASCADE ON UPDATE CASCADE,
  ADD CONSTRAINT `FK_TUAN_CUA_LH` FOREIGN KEY (`ID_TUAN`) REFERENCES `tuan` (`ID_TUAN`) ON DELETE CASCADE ON UPDATE CASCADE;

--
-- Các ràng buộc cho bảng `lop`
--
ALTER TABLE `lop`
  ADD CONSTRAINT `FK_LOP_CUA_GIAOVIEN` FOREIGN KEY (`TAIKHOAN_USER`) REFERENCES `giao_vien` (`TAIKHOAN_USER`) ON DELETE CASCADE ON UPDATE CASCADE;

--
-- Các ràng buộc cho bảng `nganh_thuoc_khoa`
--
ALTER TABLE `nganh_thuoc_khoa`
  ADD CONSTRAINT `FK_NGANH_CUA_KHOA` FOREIGN KEY (`ID_KHOA`) REFERENCES `khoa` (`ID_KHOA`) ON DELETE CASCADE ON UPDATE CASCADE,
  ADD CONSTRAINT `FK_NGANH_THUOC_KHOA` FOREIGN KEY (`ID_NGANH`) REFERENCES `nganh` (`ID_NGANH`) ON DELETE CASCADE ON UPDATE CASCADE;

--
-- Các ràng buộc cho bảng `nhom_hp`
--
ALTER TABLE `nhom_hp`
  ADD CONSTRAINT `FK_GV_DAY_NHOM_HP` FOREIGN KEY (`TAIKHOAN_USER`) REFERENCES `giao_vien` (`TAIKHOAN_USER`) ON DELETE CASCADE ON UPDATE CASCADE,
  ADD CONSTRAINT `FK_HKNH_CUA_NHOM_HP` FOREIGN KEY (`ID_HKNH`) REFERENCES `hocky_namhoc` (`ID_HKNH`) ON DELETE CASCADE ON UPDATE CASCADE,
  ADD CONSTRAINT `FK_NHOM_HP_CUA_MONHOC` FOREIGN KEY (`MA_MH`) REFERENCES `mon_hoc` (`MA_MH`) ON DELETE CASCADE ON UPDATE CASCADE;

--
-- Các ràng buộc cho bảng `quan_ly`
--
ALTER TABLE `quan_ly`
  ADD CONSTRAINT `FK_INHERITANCE_3` FOREIGN KEY (`TAIKHOAN_USER`) REFERENCES `user` (`TAIKHOAN_USER`) ON DELETE CASCADE ON UPDATE CASCADE;

--
-- Các ràng buộc cho bảng `sinh_vien`
--
ALTER TABLE `sinh_vien`
  ADD CONSTRAINT `FK_INHERITANCE_1` FOREIGN KEY (`TAIKHOAN_USER`) REFERENCES `user` (`TAIKHOAN_USER`) ON DELETE CASCADE ON UPDATE CASCADE,
  ADD CONSTRAINT `FK_LOP_CUA_SINHVIEN` FOREIGN KEY (`MA_LOP`) REFERENCES `lop` (`MA_LOP`) ON DELETE CASCADE ON UPDATE CASCADE,
  ADD CONSTRAINT `FK_NGANH_CUA_SINHVIEN` FOREIGN KEY (`ID_NGANH`,`ID_KHOA`) REFERENCES `nganh_thuoc_khoa` (`ID_NGANH`, `ID_KHOA`) ON DELETE CASCADE ON UPDATE CASCADE;

--
-- Các ràng buộc cho bảng `sv_thuoc_nhom_hp`
--
ALTER TABLE `sv_thuoc_nhom_hp`
  ADD CONSTRAINT `FK_SV_THUOC_NHOM_HP` FOREIGN KEY (`TAIKHOAN_USER`) REFERENCES `sinh_vien` (`TAIKHOAN_USER`) ON DELETE CASCADE ON UPDATE CASCADE,
  ADD CONSTRAINT `FK_SV_THUOC_NHOM_HP2` FOREIGN KEY (`ID_NHOM_HP`) REFERENCES `nhom_hp` (`ID_NHOM_HP`) ON DELETE CASCADE ON UPDATE CASCADE;

--
-- Các ràng buộc cho bảng `user`
--
ALTER TABLE `user`
  ADD CONSTRAINT `FK_QUYEN_USER` FOREIGN KEY (`ID_QUYEN`) REFERENCES `quyen` (`ID_QUYEN`) ON DELETE CASCADE ON UPDATE CASCADE;
COMMIT;

/*!40101 SET CHARACTER_SET_CLIENT=@OLD_CHARACTER_SET_CLIENT */;
/*!40101 SET CHARACTER_SET_RESULTS=@OLD_CHARACTER_SET_RESULTS */;
/*!40101 SET COLLATION_CONNECTION=@OLD_COLLATION_CONNECTION */;
